item_id,case_id,sent_idx,sentence,attributed_chunk,grade_A_fully,grade_B_partly,grade_C_topical,grade_D_not,annotator_grade,notes
1,row1174::1174,6,"However, critics argue that the law could lead to discrimination against marginalized communities, including the LGBT community.","And even if you think neither Pence nor Bush nor Cruz will win the nomination, someone has to. In light of that, listen to conservative former Arkansas Gov. Mike Huckabee, a potential 2016 candidate describing  conservatives' discomfort with same-sex marriage: ""It's like asking someone who's Jewish to start serving bacon-wrapped shrimp in their deli."" Or Louisiana Gov. Bobby Jindal: ""I certainly will support Ted Cruz and others that are talking about making ... a constitutional amendment to allow states to continue to define marriage."" Or Wisconsin Gov. Scott Walker, who has a long history of fighting against same-sex marriage and civil unions. And Ben Carson said jail turns people gay, so there's that. Remember: Pence didn't act alone. He only signed a bill that first passed muster with o",,,,,C,
2,row4978::4978,7,"A third reviewer expressed disappointment with the cleanliness and functionality of their room, including a broken mattress and dirty rugs.",The mattress is broken and the rugs are dirty. Not very Belmond. Covid I guess.\n\nI totally believe Denise below.,,,,,A,
3,row6919::6919,0,"Frankland's Crab is a local business located at 1295 Coast Village Rd in Santa Barbara, CA.","{'name': ""Frankland's Crab"", 'address': '1295 Coast Village Rd', 'city': 'Santa Barbara', 'state': 'CA', 'categories': 'Desserts, Seafood, Food, Salad, Live/Raw Food, Nightlife, Cocktail Bars, Restaurants, Bars, Fish & Chips, Sandwiches', 'hours': {'Monday': '12:0-20:30', 'Tuesday': '12:0-20:30', 'Wednesday': '12:0-20:30', 'Thursday': '12:0-20:30', 'Friday': '12:0-20:30', 'Saturday': '12:0-20:30', 'Sunday': '12:0-20:30'}, 'attributes': {'BusinessParking': {'garage': False, 'street': False, 'validated': False, 'lot': False, 'valet': True}, 'RestaurantsReservations': False, 'OutdoorSeating': True, 'WiFi': 'free', 'RestaurantsTakeOut': True, 'RestaurantsGoodForGroups': True, 'Music': None, 'Ambience': {'touristy': False, 'hipster': False, 'romantic': False, 'divey': False, 'intimate': False, ",,,,,A,
4,row4565::4565,2,"Meanwhile, Sonny discovers Gladys' gambling issue and her role in Sasha's relapse, and Victor's schemes continue to affect those he believes wronged him.","She knows the truth, and she is now a liability for her. The General Hospital preview showed someone barging into Sasha’s room as the doctor tried to restrain her. Speculation is he will try and get rid of her, as he has already planted her addiction relapse back into the minds of the nurses. It’s a dangerous game, and Sasha could be collateral damage. Sonny (Maurice Benard) now knows about Gladys’ gambling issue and what she did to Sasha. Nina (Cynthia Watros) finally told him, so perhaps he can help get her out of Ferncliff.",,,,,B,
5,row7285::7285,1,"It falls under the categories of Restaurants, Food, and Bubble Tea.","{'name': 'Hochaya', 'address': '7060 Hollister Ave, Ste 101', 'city': 'Goleta', 'state': 'CA', 'categories': 'Restaurants, Food, Bubble Tea', 'hours': {'Monday': '12:0-21:0', 'Tuesday': '12:0-21:0', 'Wednesday': '12:0-21:0', 'Thursday': '12:0-17:0', 'Friday': '12:0-21:0', 'Saturday': '12:0-21:0', 'Sunday': '12:0-21:0'}, 'attributes': {'BusinessParking': {'valet': False, 'garage': None, 'street': None, 'lot': None, 'validated': False}, 'RestaurantsReservations': None, 'OutdoorSeating': None, 'WiFi': None, 'RestaurantsTakeOut': True, 'RestaurantsGoodForGroups': None, 'Music': None, 'Ambience': None}, 'business_stars': 4.5, 'review_info': [{'review_stars': 5.0, 'review_date': '2022-01-08 01:18:53', 'review_text': ""I'm so glad to have a milk tea spot near me taste similar to the ones that I'd ",,,,,A,
6,row12799::12799,0,Charcoal is commonly added to orchid mixes to keep the mix sweet and filter impurities.,Charcoal is added to orchid mix with the intention of keeping the mix sweet and to filter impurities. The particle size of this charcoal is perfect for the majority of orchid mixes and a little goes a long way. This medium charcoal is an ingredient in many orchid mixes.The particle size of this charcoal can very from 1/2 to 1 inch. Charcoal is not finely graded and some smaller and larger pieces may be mixed in.his medium charcoal is an ingredient in many orchid mixes.,,,,,A,
7,row14591::14591,17,"Tap ""Add"" at the bottom of the SMS Scheduler screen.","Hi, I'm a reminder scheduled with Ohdontforget! It's simple. You can send a message now or schedule it for a later date, to one person or many at once.",,,,,D,
8,row13979::13979,3,"Therefore, I cannot provide an answer to the question based on the given passages.",3  Front door: 6 x 8. 4  Back door: 6 x 8. 5  Rear deck: 6 x 8.,,,,,D,
9,row14741::14741,4,"Peel the paper backing off your first tile and press it to the floor at one corner of the intersection, making sure two perpendicular edges of the tile are bordered by the two lines.","Press it to the floor at one corner of the intersection, so two perpendicular edges of the tile are bordered by the two of the lines. Press it firmly to the concrete, using the palms of your hands and all your weight. Peel the paper off the next tile.  If your previous tile was peel and stick you can use Henry Easy Release Adhesive Remover. The HENRY 1-Gallon EasyRelease Adhesive Remover is for indoor use on vinyl flooring.",,,,,B,
10,row14882::14882,10,6.,Below are simple steps to download pictures from your LG G3 phone to your PC. 1) Plug your USB cable and connect it to your PC and turn on your laptop/pc. 2) Connect the other end of USB cable to your LG Phone.3) Open up the File Explorer on your PC and you will see the LG G3 icon on the listed devices on your PC. See Figure below.,,,,,D,
11,row3251::3251,0,"The eastern US will experience warm weather today and tomorrow, with temperatures reaching the lower 80s.","Warm weather Eastern US but big changes coming this weekend, Tropical Storm Philippe to Nova Scotia The warm dry weather pattern that dominates the weather in the Eastern US will come into its own today and Wednesday. Warm fall days usually start with some low clouds and fog and we saw that in a few places this morning. Satellite loops and radar loops are nice and quiet and we will have sunshine all day long. Temperatures will rise to the lower 80s in most places today. There are no weather issues as far as rain is concerned and that will be the case probbaly into the first part of Friday Tonight we will be warm and there will be some patchy low clouds and fog.",,,,,B,
12,row2462::2462,1,"The statue was displayed through an electron microscope before it mysteriously vanished, leaving behind only a smudged fingerprint.","She could stand on a strand of human hair, with room to spare. The microscopic polymer statue by South African sculptor Jonty Hurwitz, entitled Trust, measured just 1/100th of a centimeter and had been called the ""smallest sculpture ever made."" But the world's tiniest woman suddenly disappeared to an unknown location, likely never to be seen again. While she was being photographed through an electron microscope -- the only way to view the minute creation -- Trust vanished, with only a smudged fingerprint left behind by her photographer as a clue. After an hour long search, Hurwitz and the photographer gave in: ""It was horror. I remember saying to him: 'You just destroyed or lost the smallest human form that was ever created in history,' said Hurwitz to CNN Ones to Watch. ""It was gone."" But",,,,,A,
13,row420::420,5,"The search for the three spanned the United States, Canada and Central and South America.","The search for the three spanned the United States, Canada and Central and South America. It ended on Monday, when Scott Kelley and Mary Nunes entered the U.S. Consulate in Costa Rica and requested passports so they could return to the United States. The consulate notified U.S. Marshals, Berry said, and when Kelley and Nunes flew to Atlanta on Wednesday investigators were waiting for them. Mary Nunes, now 19, was interviewed by investigators at the Atlanta airport to ensure her health and safety and then allowed to continue to her final destination, Berry said. Previously, authorities had said her whereabouts were unknown.",,,,,A,
14,row6919::6919,3,The business operates from 12:00 PM to 8:30 PM every day of the week.,"{'name': ""Frankland's Crab"", 'address': '1295 Coast Village Rd', 'city': 'Santa Barbara', 'state': 'CA', 'categories': 'Desserts, Seafood, Food, Salad, Live/Raw Food, Nightlife, Cocktail Bars, Restaurants, Bars, Fish & Chips, Sandwiches', 'hours': {'Monday': '12:0-20:30', 'Tuesday': '12:0-20:30', 'Wednesday': '12:0-20:30', 'Thursday': '12:0-20:30', 'Friday': '12:0-20:30', 'Saturday': '12:0-20:30', 'Sunday': '12:0-20:30'}, 'attributes': {'BusinessParking': {'garage': False, 'street': False, 'validated': False, 'lot': False, 'valet': True}, 'RestaurantsReservations': False, 'OutdoorSeating': True, 'WiFi': 'free', 'RestaurantsTakeOut': True, 'RestaurantsGoodForGroups': True, 'Music': None, 'Ambience': {'touristy': False, 'hipster': False, 'romantic': False, 'divey': False, 'intimate': False, ",,,,,A,
15,row9829::9829,10,The service has been criticized for not providing extra beans as requested and for not giving dressings for salads.,"\nBad bad bad bad bad bad !""}, {'review_stars': 1.0, 'review_date': '2018-05-24 05:05:11', 'review_text': 'Normally, I LOVE El Pollo Loco. But this location? No. \n\nPlace looked like it was ready to close, and extremely unwelcoming at 9pm (closes at 11pm) \n\nAsked for extra dressing for both of my two salads, gave me NO dressing on either (not even what it come with normally)\n\nSalsas were not in their normal silver cooler on ice, but were instead laid out on the counter. Little fruit flies were hovering around them. When I got home to try them, the green salsa was RANCID.",,,,,B,
16,row5444::5444,6,"Despite this, the business has an overall rating of 3.5 stars, and the positive reviews greatly outweigh the negative one.","{'name': ""Bill's Bus"", 'address': '6575 Seville St Isla Vista Ca', 'city': 'Isla Vista', 'state': 'CA', 'categories': 'Tours, Party Bus Rentals, Bus Tours, Wine Tours, Wedding Planning, Hotels & Travel, Event Planning & Services, Nightlife, Bars', 'hours': {'Thursday': '21:30-2:0', 'Friday': '21:30-2:0', 'Saturday': '21:30-2:0'}, 'attributes': {'BusinessParking': None, 'RestaurantsReservations': False, 'OutdoorSeating': False, 'WiFi': 'no', 'RestaurantsTakeOut': None, 'RestaurantsGoodForGroups': True, 'Music': None, 'Ambience': {'touristy': False, 'hipster': False, 'romantic': False, 'divey': False, 'intimate': False, 'trendy': False, 'upscale': False, 'classy': False, 'casual': False}}, 'business_stars': 3.5, 'review_info': [{'review_stars': 1.0, 'review_date': '2019-04-26 06:10:21', 'rev",,,,,B,
17,row3960::3960,0,"Valerie Biden Owens, sister and political strategist to President Joe Biden, has endorsed Meghan Markle for the US presidency, fuelling ongoing speculation about Markle's political ambitions.","Meghan Markle: Not a Chance to Be US President High-Profile Endorsement Meets Skepticism Amid Speculations of a Royal Bid for Presidency Meghan Markle, the Duchess of Sussex, has been endorsed for the US presidency by none other than Valerie Biden Owens, President Joe Biden's sister and political strategist. This announcement has stirred up quite a debate, particularly on Sky News Australia, where the validity of this endorsement was questioned. The former actress, has been speculated to harbor political ambitions for some time now, and this endorsement by a major political figure has added fuel to the fire.",,,,,A,
18,row14931::14931,10,"* Place meat in a roasting pan, and score the fat on top of the pork.","Flip roast occasionally and redistribute the rub.Preheat oven to 250 degrees. Remove meat from refrigerator 30 minutes before cooking.Place pan in the oven, fat side up, and add 1 cup of water to pan. Roast, uncovered, occasionally basting meat with juices and rub and turning pan to promote even cooking. Cook for 6 to 8 hours, until meat easily shreds.irections. Puree garlic, oregano, olive oil, limes, and salt in a blender or food processor. Place meat in a roasting pan, and score the fat on top of the pork. Rub garlic mixture all over pork.",,,,,A,
19,row12601::12601,0,"Based on the given passages, both acute HIV infection and AIDS can present with symptoms such as fever, swollen lymph glands, sore throat, rash, muscle aches, and fatigue.","5  Sore throat. 6  Swollen lymph glands, mainly on the neck.  Common AIDS symptoms in men include: 1  swollen lymph glands. 2  unusual lesions on the tongue; skin rashes and bumps. 3  nausea, vomiting, and diarrhea.",,,,,B,
20,row8876::8876,0,"Frog Bar & Grill is a restaurant located in Santa Barbara, California.","{'name': 'Frog Bar & Grill', 'address': '405 Glen Annie Rd', 'city': 'Santa Barbara', 'state': 'CA', 'categories': 'Restaurants, American (Traditional), Nightlife, Bars, Cocktail Bars', 'hours': {'Monday': '11:30-14:0', 'Tuesday': '11:30-14:0', 'Wednesday': '11:30-14:0', 'Thursday': '11:30-14:0', 'Friday': '11:30-14:0'}, 'attributes': {'BusinessParking': None, 'RestaurantsReservations': True, 'OutdoorSeating': True, 'WiFi': 'no', 'RestaurantsTakeOut': True, 'RestaurantsGoodForGroups': True, 'Music': False, 'Ambience': {'divey': False, 'hipster': None, 'casual': None, 'touristy': None, 'trendy': None, 'intimate': None, 'romantic': None, 'classy': None, 'upscale': None}}, 'business_stars': 4.0, 'review_info': [{'review_stars': 5.0, 'review_date': '2019-12-19 06:33:58', 'review_text': 'I enjo",,,,,A,
21,row4888::4888,1,"Here is an objective overview of the local business ""Bree'osh"" based on the provided structured data in JSON format:

Bree'osh is a popular restaurant in Santa Barbara, California that serves French, coffee & tea, and breakfast & brunch cuisine.","{'name': ""Bree'osh"", 'address': '1150 Coast Village Rd, Ste E', 'city': 'Santa Barbara', 'state': 'CA', 'categories': 'Restaurants, Food, French, Coffee & Tea, Bakeries, Breakfast & Brunch', 'hours': {'Monday': '0:0-0:0', 'Tuesday': '7:0-14:0', 'Wednesday': '7:0-14:0', 'Thursday': '7:0-14:0', 'Friday': '7:0-12:0', 'Saturday': '7:0-14:0', 'Sunday': '7:0-14:0'}, 'attributes': {'BusinessParking': {'garage': False, 'street': True, 'validated': False, 'lot': False, 'valet': False}, 'RestaurantsReservations': False, 'OutdoorSeating': True, 'WiFi': 'free', 'RestaurantsTakeOut': True, 'RestaurantsGoodForGroups': False, 'Music': None, 'Ambience': {'touristy': False, 'hipster': False, 'romantic': False, 'divey': False, 'intimate': False, 'trendy': False, 'upscale': False, 'classy': True, 'casual': T",,,,,B,
22,row6634::6634,9,"Overall, customers seem to enjoy the unique experience and quality of service offered by Rasta Taco Catering.","{'name': 'Rasta Taco Catering', 'address': '3375 Foothill Rd, Ste 6333', 'city': 'Carpinteria', 'state': 'CA', 'categories': 'Caterers, Restaurants, Mexican, Event Planning & Services, Food, Tacos, Bartenders, Food Delivery Services', 'hours': {'Monday': '8:0-17:0', 'Tuesday': '8:0-17:0', 'Wednesday': '8:0-17:0', 'Thursday': '8:0-17:0', 'Friday': '8:0-17:0', 'Saturday': '9:0-14:0', 'Sunday': '9:0-14:0'}, 'attributes': {'BusinessParking': {'garage': False, 'street': True, 'validated': False, 'lot': False, 'valet': False}, 'RestaurantsReservations': None, 'OutdoorSeating': True, 'WiFi': None, 'RestaurantsTakeOut': False, 'RestaurantsGoodForGroups': None, 'Music': None, 'Ambience': None}, 'business_stars': 4.0, 'review_info': [{'review_stars': 5.0, 'review_date': '2019-10-17 02:27:02', 'revie",,,,,B,
23,row7416::7416,3,"Other amenities include takeout service, and it is also suitable for group dining.","{'name': 'Taqueria El Buen Gusto', 'address': '836 N Milpas St', 'city': 'Santa Barbara', 'state': 'CA', 'categories': 'Tacos, Restaurants, Mexican', 'hours': {'Monday': '8:0-21:0', 'Tuesday': '8:0-21:0', 'Wednesday': '8:0-21:0', 'Thursday': '8:0-21:0', 'Friday': '8:0-21:0', 'Saturday': '8:0-21:0', 'Sunday': '8:0-21:0'}, 'attributes': {'BusinessParking': {'valet': False, 'garage': False, 'street': True, 'lot': True, 'validated': False}, 'RestaurantsReservations': False, 'OutdoorSeating': False, 'WiFi': 'no', 'RestaurantsTakeOut': True, 'RestaurantsGoodForGroups': True, 'Music': None, 'Ambience': {'touristy': False, 'hipster': False, 'romantic': False, 'divey': True, 'intimate': False, 'trendy': False, 'upscale': False, 'classy': False, 'casual': True}}, 'business_stars': 4.5, 'review_info'",,,,,A,
24,row143::143,7,"Hernandez has pleaded not guilty to the murder charge, and his arrest has led to the loss of millions of dollars in expected earnings.","The video is time-stamped minutes after workers in a nearby industrial park describe hearing loud noises like fireworks -- the moment prosecutors say Lloyd was gunned down after getting out of a car Hernandez was driving. Hernandez's lawyers then showed a different part of the video time-stamped a few seconds earlier with Hernandez holding what appeared to be a shiny object in one hand, suggesting it may be an iPad. ""Glock pistols don't have white glows to them, do they?"" defense attorney James Sultan asked. ""No, they do not,"" Aspinwall answered. Sultan then displayed a soft-pellet gun similar in shape to a Glock, suggesting it could also be the object Hernandez is holding. Hernandez has pleaded not guilty in Lloyd's death. But already, his arrest has led to deep consequences, including hi",,,,,A,
25,row3231::3231,3,"The double eviction looms, and tensions are high among the housemates.","'Big Brother 25' Spoilers: Felica Tells Jag That Matt Wants To Target Him In The Double Eviction Big Brother 25 (BB25) spoilers tease that Felica Cannon works to bring Jag Bains into her corner with the double eviction just around the corner. Big Brother Network reports that Felica chats with Jag in the Head of Household room, revealing Matt Klotz could be planning to target him in the double eviction. Felica wants to make it to the final three. She knows she must make some big moves and create chaos to get in that position.",,,,,A,
26,row2602::2602,3,"Younger riders had success at the event, including American dressage rider Laura Graves and Irish showjumper Bertram Allen.","""Coming to the last I knew the time was tight. ""I just went as fast as I could to the finish line, but unfortunately there was a big fence in the way."" He added: ""I've been three times on the podium, twice in the jump-off and always finished in the top 10. I always wanted to win this."" The World Cup Finals are among the most prestigious equestrian titles, but the weekend's events in Las Vegas were notable for the success of younger riders. American dressage rider Laura Graves, a 27-year-old who burst onto the international scene with fifth place at last year's World Equestrian Games, improved to fourth in Vegas.",,,,,A,
27,row14544::14544,3,"The second phase of the Industrial Revolution, starting in the 1860s, saw significant advancements in the production of steel, railroads, electricity, and chemicals, characterized by mass-production and consumption of goods.","Originating in Britain, it was characterised by the introduction of machines for laborious work, the replacement of animal labour with human labour and the widespread use of mineral resources.he Second Industrial Revolution, which began in the 1860s in Europe, the US and Japan, saw great strides in the production of steel, railroads, electricity and chemicals, and was characterised by the mass-production and mass-consumption of goods.",,,,,A,
28,row12944::12944,0,"Based on the given passages, females did not have the rights to vote and own property before the suffrage movement.","It was one of the largest civil movements in the United States, and it eventually led to the biggest change in the way politics were decided.  After the war, woman suffrage endured another setback, when the women’s rights movement found itself divided over the issue of voting rights for black men. Stanton and some other suffrage leaders objected to the proposed 15th Amendment to the U.S. Constitution, which would give black men the right to vote, but failed to extend the same privilege to American women of any skin color.",,,,,B,
29,row5399::5399,0,"Olio Pizzeria is a popular pizza spot located in Santa Barbara, CA.","{'name': 'Olio Pizzeria', 'address': '11 W Victoria St, Ste 21', 'city': 'Santa Barbara', 'state': 'CA', 'categories': 'Pizza, Nightlife, Italian, Restaurants, Bars', 'hours': {'Tuesday': '16:0-21:0', 'Wednesday': '16:0-21:0', 'Thursday': '16:0-21:0', 'Friday': '16:0-21:30', 'Saturday': '16:0-21:30', 'Sunday': '16:0-21:30'}, 'attributes': {'BusinessParking': {'garage': False, 'street': True, 'validated': False, 'lot': True, 'valet': False}, 'RestaurantsReservations': True, 'OutdoorSeating': True, 'WiFi': 'free', 'RestaurantsTakeOut': True, 'RestaurantsGoodForGroups': True, 'Music': False, 'Ambience': {'touristy': False, 'hipster': False, 'romantic': None, 'divey': False, 'intimate': None, 'trendy': None, 'upscale': False, 'classy': True, 'casual': None}}, 'business_stars': 4.0, 'review_inf",,,,,B,
30,row12014::12014,4,3.,"Dairy foods with lactose include milk, some cheeses, ice cream, half and half, yogurt, condensed milk, nonfat dried milk powder and cream cheese.  High fiber foods that people with colitis may need to avoid include apples, bananas, blueberries, figs, grapefruits, pears, raspberries, avocados, carrots, kale, popcorn, potatoes with the skin, bran, oats, brown rice, whole wheat breads, legumes, peas and nuts.",,,,,D,
31,row11860::11860,8,Massage your scalp with circular motions to improve blood flow and promote hair growth.,"3  Tip your head until it is upside-down. 4  Then, all the blood will go down to your head and massage your scalp with circular motions for five minutes. 5  This helps with the blood flow and makes hair grow faster. You can use olive oil to make your hair grow out super fast. 2  Make sure you rinse it out good after leaving it in for 10 minutes or so.",,,,,A,
32,row3157::3157,1,The lawsuit accuses Dershowitz of having sex with minors with the help of billionaire Jeffrey Epstein.,"A Florida judge denied a motion by two women to join a lawsuit against Prince Andrew and a prominent U.S. lawyer that alleged  underage sex crimes. Lawyer Alan Dershowitz  was accused of having sex with minors with help from billionaire Jeffrey Epstein. Buckingham Palace denied the allegations, which surfaced in a court filing in January. So did Dershowitz. In his decision, U.S.",,,,,A,
33,row6504::6504,5,Special mention is made to the distinct 'Mr.,"Try anything and everything if you ever encounter one of these, it\'s supposedly a Norcal chain??  You will know the distinct ""Mr. Pickles smell"" once it comes around to make your mouth water.  I was once on a train from UCSB to San Diego and knew someone, somewhere on the train had been teasing all the passengers with the breathtaking Mr. Pickles aroma while he or she was chowing down on undeniably fantastic sandwich!!!'}, {'review_stars': 4.0, 'review_date': '2009-08-11 07:40:24', 'review_text': ""mr. pickles is so yummy!",,,,,B,
34,row5393::5393,6,"If you're in the area, The Good Lion is certainly worth a visit.","Maybe something like Haunted Mansion - very dark lighting with upscale ornate wallpaper and decorative touches. \n\nThe house cocktail list was seriously impressive looking. Each one was well designed and after trying three of them, they were also well executed.",,,,,B,
35,row5388::5388,2,"The bar offers street parking and is suitable for groups, but does not have Wi-Fi or live music.","{'name': 'The Good Lion', 'address': '1212 State St', 'city': 'Santa Barbara', 'state': 'CA', 'categories': 'Cocktail Bars, Lounges, Nightlife, Bars', 'hours': {'Monday': '0:0-0:0', 'Tuesday': '16:0-1:0', 'Wednesday': '16:0-1:0', 'Thursday': '16:0-1:0', 'Friday': '16:0-1:0', 'Saturday': '15:0-1:0', 'Sunday': '15:0-1:0'}, 'attributes': {'BusinessParking': {'garage': None, 'street': True, 'validated': False, 'lot': False, 'valet': False}, 'RestaurantsReservations': False, 'OutdoorSeating': True, 'WiFi': 'no', 'RestaurantsTakeOut': None, 'RestaurantsGoodForGroups': True, 'Music': False, 'Ambience': {'touristy': False, 'hipster': True, 'romantic': False, 'divey': False, 'intimate': True, 'trendy': True, 'upscale': False, 'classy': True, 'casual': False}}, 'business_stars': 4.5, 'review_info': ",,,,,A,
36,row14397::14397,6,"The specific steps for replacing the cabin air filter are as follows:

* Lift the hood of the Nissan and locate the air filter housing unit at the front corner of the driver's side of the car.",Locate the air filter housing unit at the front corner on the driver's side of the car. Loosen the screws on the lid of the housing unit with a screwdriver. Lift the lid off of the unit. Remove the old filter from the housing unit by pulling it out.Clean any remaining debris out of the air filter unit. Wipe both the interior and exterior down with a damp cloth.,,,,,B,
37,row9649::9649,4,They also provide free WiFi and offer takeout services.,"{'name': 'Hotdog Mini Mart', 'address': '', 'city': 'Santa Barbara', 'state': 'CA', 'categories': 'Food, Beer, Wine & Spirits, Hot Dogs, Restaurants', 'hours': {'Monday': '8:30-18:0', 'Tuesday': '8:30-18:0', 'Wednesday': '8:30-18:0', 'Thursday': '8:30-18:0', 'Friday': '8:30-18:0', 'Saturday': '8:30-18:0', 'Sunday': '8:30-18:0'}, 'attributes': {'BusinessParking': {'garage': False, 'street': False, 'validated': False, 'lot': True, 'valet': False}, 'RestaurantsReservations': False, 'OutdoorSeating': True, 'WiFi': 'free', 'RestaurantsTakeOut': True, 'RestaurantsGoodForGroups': True, 'Music': None, 'Ambience': {'touristy': False, 'hipster': False, 'romantic': False, 'divey': False, 'intimate': False, 'trendy': False, 'upscale': False, 'classy': False, 'casual': False}}, 'business_stars': 4.5, '",,,,,A,
38,row12625::12625,3,Finish with another brush using the slicker brush.,"Finally, one more brush through with the slicker brush and your weekly grooming session is done. While grooming a Leonberger may seem like an enormous task, your Leo will thank you and pay you back pound for pound with love and gratitude.",,,,,A,
39,row4570::4570,2,Nesbitt resurfaced without her and is currently serving a 24-year prison sentence.,"After checking the residence, authorities located “drugs, money, and weapons.” Police first believed that both Nesbitt and Melissa met with foul play. Things would change when he resurfaced without the missing woman.The Charley Project describes him as a “violent man” with “a long history of criminal behavior.” Those infractions include a concerning list of “assaults and batteries and aggravated offenses.” Nesbitt is reportedly serving a 24-year prison sentence concerning an unrelated weapons charge. Information regarding Melissa's other affairs, including her work life and family connections, is unclear. What has remained are government databases with little details about this mystery. Contact Information At the time of her disappearance, Melissa Jordon stood 5 feet 5 inches to 5 feet 6 i",,,,,A,
40,row6472::6472,1,"Here's an objective overview of Cantwells Summerland Market based on the provided structured data in JSON format:

Cantwells Summerland Market is a versatile local business in Summerland, California, offering a range of products and services including gas, delis, automotive, specialty food, restaurants, convenience stores, fruits & veggies, and health markets.","{'name': 'Cantwells Summerland Market', 'address': '2580 Lillie Ave', 'city': 'Summerland', 'state': 'CA', 'categories': 'Gas Stations, Delis, Automotive, Specialty Food, Restaurants, Convenience Stores, Fruits & Veggies, Food, Health Markets', 'hours': None, 'attributes': {'BusinessParking': {'garage': False, 'street': False, 'validated': False, 'lot': True, 'valet': False}, 'RestaurantsReservations': False, 'OutdoorSeating': True, 'WiFi': 'paid', 'RestaurantsTakeOut': True, 'RestaurantsGoodForGroups': True, 'Music': None, 'Ambience': {'romantic': False, 'intimate': False, 'classy': False, 'hipster': False, 'divey': False, 'touristy': False, 'trendy': False, 'upscale': False, 'casual': False}}, 'business_stars': 3.5, 'review_info': [{'review_stars': 5.0, 'review_date': '2018-02-23 03:37:5",,,,,A,
41,row14775::14775,3,* Press the Connect button on the back of the Xbox 360 controller.,"Press and hold this button until it starts flashing green too. Then, press the Connect button at the back of the Xbox 360 controller. It is a small button nested close to the left shoulder button.  Use the installation CD that came with your Xbox 360 Controller for Windows before you connect the controller to your computer: 1  Insert the installation disc in the CD or DVD drive on your computer.",,,,,A,
42,row11802::11802,4,"You can choose to serve your ribs with sauce on the side or on the top, along with sides like macaroni salad, potato salad, baked beans, and pickles.","You can put sauce on the side or on the top, or both. You can serve yours with macaroni salad, potato salad, baked beans, I always put pickles on mine. Thanks for watching, for more information on how to cook ribs on a charcoal grill, check us out on the web, at About.com.",,,,,A,
43,row11043::11043,3,Passage 2 provides information on how to convert simple guitar chords (majors and minors) into piano chords.,I get chords from guitar sites since there are no piano chords of songs that I know of except http://classpiano.com/ Here's what I know-Simple chords (Majors and minors) - chord inversions Here's what I don't know-Reading...ere's what I don't know. - Reading guitar tabs and turning them into piano-playable chords. - Converting guitar chords with capo into piano-playable chords. ex (http://www.ultimate-guitar.com/tabs/s/st...,,,,,D,
44,row5635::5635,9,"However, they do not provide WiFi.","{'name': 'La Guerrerita Mexican Food', 'address': '5698 Hollister Ave, Ste A', 'city': 'Goleta', 'state': 'CA', 'categories': 'Mexican, Restaurants, Breakfast & Brunch', 'hours': {'Monday': '7:0-23:0', 'Tuesday': '7:0-23:0', 'Wednesday': '7:0-23:0', 'Thursday': '7:0-23:0', 'Friday': '7:0-23:0', 'Saturday': '7:0-23:0', 'Sunday': '7:0-23:0'}, 'attributes': {'BusinessParking': {'garage': False, 'street': False, 'validated': False, 'lot': True, 'valet': False}, 'RestaurantsReservations': True, 'OutdoorSeating': True, 'WiFi': 'no', 'RestaurantsTakeOut': True, 'RestaurantsGoodForGroups': True, 'Music': None, 'Ambience': {'touristy': None, 'hipster': False, 'romantic': False, 'divey': None, 'intimate': False, 'trendy': False, 'upscale': False, 'classy': False, 'casual': True}}, 'business_stars': ",,,,,A,
45,row14089::14089,1,"However, passage 3 states that your doctor may not require you to be on a liquid diet the entire time, but it is common to be on a liquids-only diet for the last two weeks before the operation.","Your doctor may not be require you to be on a liquid diet that entire time, but it's common to be on a liquids-only diet for the last two weeks before your operation. This diet is typically low-calorie, often between 800 and 1,200 calories.",,,,,A,
46,row3825::3825,0,The Duggar family is at it again with pregnancy rumors!,"Is Hannah Wissmann pregnant again? Here’s why fans think so Another day, another Duggar pregnancy speculation. Hannah Wissmann is on the radar after Joy-Anna Duggar’s video highlights from the Duggar family’s Florida vacation. She did a good job keeping most of the sisters-in-law out of the video or in very small doses, but Jeremiah Duggar’s wife was seen in the kitchen with Brynley as Jason Duggar and Austin Forsyth chatted. While the video quality wasn’t great, it appeared that Hannah may have a baby bump.",,,,,A,
47,row13365::13365,9,"(Passage 3)

Unable to answer based on given passages.","To prevent mold from building up on the inside of your plastic shower curtain or shower liner, first, always run the exhaust fan in the bathroom for at least 20 minutes after taking a shower and open bathroom windows and doors to improve air circulation for things to dry.  1 Carefully remove the plastic shower curtains from hooks and peel up shower mat, take them to your washing machine (pretty easy so far). 2  Place them in your washing machine, along with the 2 towels.",,,,,D,
48,row6022::6022,0,Sure!,"They had great customer service though, very approachable and sweet staff.'}, {'review_stars': 3.0, 'review_date': '2021-10-12 19:49:34', 'review_text': ""I had a Greek Scramble, with spinach, tomato, onion, bacon, and feta. It was good, and everything was fresh. Serving sizes won't leave you stuffed but are still filling.",,,,,D,
49,row7218::7218,1,"The establishment is open every day of the week, with longer operating hours on Fridays and Saturdays.","{'name': 'Fox Wine', 'address': '120 Santa Barbara St', 'city': 'Santa Barbara', 'state': 'CA', 'categories': 'Wine Bars, Arts & Entertainment, Wine Tasting Room, Nightlife, Bars, Food, Wineries', 'hours': {'Monday': '12:0-20:0', 'Tuesday': '12:0-20:0', 'Wednesday': '12:0-20:0', 'Thursday': '12:0-20:0', 'Friday': '12:0-22:0', 'Saturday': '12:0-22:0', 'Sunday': '12:0-20:0'}, 'attributes': {'BusinessParking': {'garage': False, 'street': True, 'validated': False, 'lot': False, 'valet': False}, 'RestaurantsReservations': None, 'OutdoorSeating': False, 'WiFi': None, 'RestaurantsTakeOut': False, 'RestaurantsGoodForGroups': True, 'Music': None, 'Ambience': {'romantic': False, 'intimate': False, 'classy': False, 'hipster': False, 'divey': False, 'touristy': False, 'trendy': False, 'upscale': False",,,,,A,
50,row1406::1406,1,"The meeting with Castro, however, is subject to Obama's efforts to end the freeze of Cuba, which has proven to be a challenge.","Washington (CNN)Decision time for GOP operatives, another controversial foreign policy choice for President Obama, a ripple effect from the Robert Menendez indictment, and two insights into Hillary Clinton's campaign launch -- those stories filled our Sunday trip around the ""Inside Politics"" table. Obama's Iran diplomacy already has his conservative critics fired up, and things could get even more interesting in the week ahead. The President is headed to Panama for a regional summit, and Julie Pace of The Associated Press reports one of the big questions is whether he'll make history and have a face-to-face meeting with Cuban leader Raul Castro. ""This would be the first meeting between a U.S. and a Cuban leader in decades,"" said Pace. ""But Obama's efforts to end this freeze of Cuba have be",,,,,B,
51,row5120::5120,0,"El Taco Grande is a restaurant located in Carpinteria, California.","{'name': 'El Taco Grande', 'address': '1096 Casitas Pass Rd', 'city': 'Carpinteria', 'state': 'CA', 'categories': 'Restaurants, Mexican', 'hours': {'Monday': '0:0-0:0', 'Tuesday': '9:0-20:0', 'Wednesday': '9:0-20:0', 'Thursday': '9:0-20:0', 'Friday': '9:0-15:0', 'Saturday': '9:0-20:0', 'Sunday': '9:0-20:0'}, 'attributes': {'BusinessParking': {'garage': False, 'street': False, 'validated': False, 'lot': False, 'valet': False}, 'RestaurantsReservations': False, 'OutdoorSeating': True, 'WiFi': 'no', 'RestaurantsTakeOut': True, 'RestaurantsGoodForGroups': True, 'Music': None, 'Ambience': {'touristy': False, 'hipster': False, 'romantic': False, 'divey': None, 'intimate': False, 'trendy': False, 'upscale': False, 'classy': False, 'casual': True}}, 'business_stars': 3.0, 'review_info': [{'review_",,,,,A,
52,row7991::7991,9,"Overall, Giovanni's of Santa Barbara is a reliable and delicious local spot that is sure to please even the most discerning palates.","Friendly staff and very generous portions. The owner Andreas used to own IV location and he runs this spot too, really cool guy. Can't go wrong great locals spot!",,,,,B,
53,row10139::10139,4,Place the paw paw seeds in a colander or wire basket and store them in a refrigerator at a temperature of 30-40°F (1-4°C) for 90 days.,"Set the paw paw seeds into a colander or wire basket. Rinse the paw paw seeds under cool tap water.Use a small brush, if necessary, to remove excess pulp from the seeds.tep 4. Place the bag containing the paw paw seeds into a refrigerator where the temperature is approximately 30 to 40 degrees Fahrenheit. Leave the bag in the refrigerator for approximately 90 days.",,,,,B,
54,row2859::2859,10,"This tragedy comes just over a year after another deadly avalanche on the mountain, and it is possible that this day could be the most deadly yet.","Since the avalanches, ""the whole route would be different now than before the quake. They'll have to put a new route in from base camp up through that icefall ... They (the climbers) will have to cool it for a couple days, way until the route is reestablished ... they've got enough food and fuel for the stoves."" His son, Leif Whittaker, told CNN that he hasn't heard from everyone he knows to be on Everest. ""It's really tragic and I'm really saddened by the news,"" he said. ""I have a lot friends in the area and friends on Everest right now. It's hard to get news from base camp and the mountains because communication is difficult as it is. Many of my friends are safe, but I'm not sure if all of them are. ""It's been a bad few years on Everest,"" he said. ""My heart goes out to them, and I'm send",,,,,C,
55,row1746::1746,2,"This year's celebrations were marked by anti-immigrant attacks and messages of hope on Twitter, including from Indian PM Narendra Modi.","Using the #FreedomDay hashtag, people across the country and beyond took to Twitter to celebrate this year's event, express their views and send out their wishes -- including the South African government. Indian Prime Minister Narendra Modi also hailed the people of South Africa and sent out a message of hope. Many South Africans used Twitter to denounce the recent violence...",,,,,B,
56,row6636::6636,1,"With a 4-star business rating, this restaurant also offers pizza and features a wine bar, nightlife, and outdoor seating.","{'name': 'Ca’Dario - Montecito', 'address': '1187 Coast Village Rd', 'city': 'Montecito', 'state': 'CA', 'categories': 'Seafood, Restaurants, Italian, Nightlife, Bars, Wine Bars, Pizza', 'hours': {'Monday': '16:0-21:0', 'Tuesday': '16:0-21:0', 'Wednesday': '16:0-21:0', 'Thursday': '16:0-21:0', 'Friday': '16:0-22:0', 'Saturday': '16:0-22:0', 'Sunday': '16:0-21:0'}, 'attributes': {'BusinessParking': None, 'RestaurantsReservations': None, 'OutdoorSeating': True, 'WiFi': None, 'RestaurantsTakeOut': True, 'RestaurantsGoodForGroups': None, 'Music': None, 'Ambience': None}, 'business_stars': 4.0, 'review_info': [{'review_stars': 1.0, 'review_date': '2022-01-06 02:30:08', 'review_text': 'I ordered a 20 oz veal chop to go. The chop was very large but there was very little meat on the bone (maybe 1/",,,,,A,
57,row6823::6823,3,Customers have left negative reviews about the quality of the sandwiches and the service.,"I called to express my frustration on a poorly made sandwich and they just hung up. Such a shame""}]} Overview:",,,,,A,
58,row4820::4820,7,The business has an average rating of 4 stars out of 5 based on customer reviews.,"{'name': ""Tyler's Donuts"", 'address': '1002 Casitas Pass Rd', 'city': 'Carpinteria', 'state': 'CA', 'categories': 'Restaurants, Donuts, Food, Coffee & Tea', 'hours': {'Monday': '5:0-20:0', 'Tuesday': '5:0-20:0', 'Wednesday': '5:0-20:0', 'Thursday': '5:0-20:0', 'Friday': '5:0-20:0', 'Saturday': '5:0-20:0', 'Sunday': '5:0-20:0'}, 'attributes': {'BusinessParking': {'garage': False, 'street': False, 'validated': False, 'lot': True, 'valet': False}, 'RestaurantsReservations': None, 'OutdoorSeating': None, 'WiFi': 'free', 'RestaurantsTakeOut': True, 'RestaurantsGoodForGroups': None, 'Music': None, 'Ambience': None}, 'business_stars': 4.0, 'review_info': [{'review_stars': 1.0, 'review_date': '2021-10-27 03:09:32', 'review_text': ""Bad very bad servise the old lady to rude I left without  my  daily",,,,,A,
59,row1075::1075,2,"However, the article counters this argument by pointing out that studies have shown women leaders to take fewer unnecessary risks than their male counterparts.","If Rios is concerned about hormones impacting decisions in the Oval Office, she'd be better off worrying about the male candidates for president. Throughout history, male hormones have indeed impaired some male leaders' decision-making. Studies show that women leaders take fewer unnecessary risks than their male counterparts. If science doesn't convince you, just Google ""cheating politicians"" for the long and sordid list of men like Arnold Schwarzenegger, Mark Sanford and John Edwards, whose hormones got the best of them. Rios has taken a lot of flak for her ""biblically"" inspired beliefs, but she's not the only one who's arguing that a woman's hormones are a legitimate leadership concern. Time magazine declared Hillary Clinton the ""perfect"" age to be president, because she's a postmenopaus",,,,,A,
60,row8784::8784,5,There are also complaints about the difficulty of getting into contact with the spa's management.,"Good luck getting your refund! \n\nJeff was the best part of that place . I guess I should've listened to the other 1 star helpers when they said it was hard to get into contact with anyone at the spa, but of course I had Lauryns personal number and she always used to get back to me, until shit started to hit the fan with her spa.",,,,,A,
61,row12927::12927,8,4.,"share | improve this question.ut, I cannot scan the registry of that hard drive because that drive is not booted up. The hard drive was a regular XP hard drive install that I removed to scan as an attached drive (with an adapter to make it a USB drive.). windows usb windows-registry anti-virus.  Instructions. Click the Start button and type regedit into the Search field, then click the Registry Editor program.",,,,,D,
62,row11407::11407,3,"Alternatively, you can cook the sausage in a Dutch oven with onion and rice, following the instructions on the rice package.","In a Dutch ... onion. Cut the Polish sausage into 1 1/2 ... add the rice to the pot and cover, following the directions on the package to cook the rice.",,,,,A,
63,row3301::3301,0,"In 1984, 13-year-old Kelly Harris disappeared mysteriously in Jackson, Michigan.","Kelly Harris, a bright 13-year-old from Jackson, Michigan, mysteriously vanished in 1984. Only after 22 years did her stepfather, Leonard Hugall, confess to her tragic death The tragic case of Kelly Harris serves as a haunting reminder of the unpredictable nature of crime and the profound effects it can have on families. In 1984, 13-year-old Kelly Harris disappeared mysteriously from Jackson, Michigan, where she was visiting her mother and stepfather. This was after a disagreement about attending a local fair.",,,,,A,
64,row1065::1065,3,"Despite the Houthis releasing the Yemeni Defense Minister, Mahmoud al-Subaihi, the rebels have vowed not to surrender.","Military action will be taken if needed. Houthi leader: 'Anyone who thinks we will surrender is dreaming' On Wednesday, Houthis released Yemeni Defense Minister Mahmoud al-Subaihi in Sanaa, a senior Saudi source said on the condition of anonymity. The Houthis had said they detained the defense minister at an air base near the Yemeni port city of Aden on March 26, shortly before the Saudis began their airstrike campaign. The rebels had captured the base that day as part of an advance on the Aden area. The United Nations demanded al-Subaihi's release earlier this month. But beyond the military campaign, the Saudis and their allies have said they want to find a political solution for the violence-plagued nation. President Abd Rabbuh Mansur Hadi, who says he's Yemen's legitimate leader, thanke",,,,,A,
65,row720::720,2,"Additionally, Schumer's monologue was a hit, with jokes about herself and various celebrities.","(Billboard)From Channing Tatum twerking for Jennifer Lopez to host Amy Schumer's archery fail, there were plenty of highlights and misfires from the 2015 MTV Movie Awards. 2015 MTV Movie Awards: See the full winners list. Here are the jokes, performances and moments that hit the target and the ones and missed it. Best Moments. Amy Schumer's opener: From a ""Boyhood""/HPV joke to nearly flashing J.K. Simmons to her run-in with a cancer support group, Schumer's opening video segment was as reliably hilarious and inventive as her Comedy Central show (which can't come back on TV soon enough). Plus, her monologue killed: ""Half of you know who I am, half of you think I'm Meghan Trainor."" Channing Tatum doing his thing: When the cast of ""Magic Mike XXL"" presented J.Lo with the Scared As Shit Perfor",,,,,A,
66,row11116::11116,1,"Additionally, it is recommended to incorporate rest days in between weight training workouts, as stated in passage 2.","While two hours and 30 minutes of exercise may seem like a lot of time, it's fine to break up your physical activity into more manageable chunks of time, such as three sets of 10-minute intervals during the day. This makes meeting your aerobic exercise requirements easier.  Put a day of complete rest or light cardio in between each weight training workout, and you’ll make good gains.",,,,,A,
67,row12411::12411,3,"* For 18-year-olds, the average BMI is 26.1 for boys and 24.6 for girls.","By the age of 18, the average BMI for a boy is 26.1, and for a girl, it's 24.6.",,,,,A,
68,row13046::13046,1,"If the individual has experience with the installation process and does not want to go through a repair shop, they can follow the steps outlined in passage 3.","Your car is still under warranty, Im sure youd void a portion of that as well.E: Remote Starter Install 2008 Honda Accord. i have all the wiring diagrams that you will need to install it. email me at audionmotionink@aol.com and i will send them to you as i can't post them in the forum for some reason.",,,,,D,
69,row12014::12014,1,"Gas-causing foods: Broccoli, cauliflower, cabbage, raw fruits, raw fruit juices, popcorn, dried fruits, legumes, foods made with sorbitol and oat bran.","Gas-causing foods to avoid include broccoli, cauliflower, cabbage, raw fruits, raw fruit juices, popcorn, dried fruits, legumes, foods made with sorbitol and oat bran.  Some people with colitis may have difficulty digesting foods with lactose, according to the Mayo Clinic.",,,,,A,
70,row900::900,3,The trailer also offers the first look at Dr.,"We also get our first glimpse of the villainous Dr. Doom in this new trailer, released Sunday. Fans on Twitter had mixed reactions. Check out the trailer here:. The trailerpalooza of ""Star Wars,"" ""Batman v.",,,,,A,
71,row2416::2416,0,"Here is a summary of the article in 200 words or less:

At least 3,218 people have died in Nepal after a powerful earthquake struck the country over the weekend.","Kathmandu, Nepal (CNN)The death toll from the devastating earthquake that struck Nepal two days ago surged past 3,000 on Monday, a government official said. The desperate search for survivors from the country's worst natural disaster in more than 80 years continued. The number of people confirmed dead in Nepal stands at 3,218, said Nepalese Ministry of Home Affairs spokesman Laxmi Dhakal. India has reported 56 deaths, and China another 20. The death toll is expected to climb further as officials get information from the rugged countryside that makes up most of Nepal. As day broke Monday, Nepal was still in survival mode after suffering a series of aftershocks following the huge initial quake on Saturday. The damage was everywhere. Stunned residents wandered the streets of Kathmandu, the ca",,,,,A,
72,row11119::11119,5,Transfer the skillet to the oven and cook for about 5 minutes for medium-rare.,"When the oil is hot, add salmon skin-side down. Sear until the skin is golden brown and crispy, about 5 minutes. Turn and transfer to oven and cook until a cake tester or tip of a paring knife is just warm to the touch when inserted into the middle of the salmon; about 5 minutes for medium-rare and 9 minutes for fully cooked through.  3.",,,,,A,
73,row4779::4779,7,"One reviewer reported being surprised by a $35 holding fee on their tab, which they were not informed of until after the bill had been closed.","{'name': 'Uptown Bar & Lounge', 'address': '3126 State St', 'city': 'Santa Barbara', 'state': 'CA', 'categories': 'Lounges, Karaoke, American (New), Mexican, Sports Bars, Tacos, Restaurants, Pizza, Bars, Nightlife, Food, Beer, Wine & Spirits', 'hours': {'Monday': '0:0-0:0', 'Tuesday': '15:0-23:0', 'Wednesday': '15:0-23:0', 'Thursday': '15:0-23:0', 'Friday': '15:0-1:0', 'Saturday': '12:0-1:0', 'Sunday': '12:0-23:0'}, 'attributes': {'BusinessParking': {'garage': False, 'street': True, 'validated': False, 'lot': True, 'valet': False}, 'RestaurantsReservations': True, 'OutdoorSeating': True, 'WiFi': 'free', 'RestaurantsTakeOut': True, 'RestaurantsGoodForGroups': True, 'Music': True, 'Ambience': {'touristy': False, 'hipster': False, 'romantic': False, 'divey': False, 'intimate': False, 'trendy'",,,,,C,
74,row1353::1353,2,"Meanwhile, the UNHCR has reported that around 900 refugees from Yemen have fled to the Horn of Africa, but many more are attempting to make the dangerous journey despite fuel shortages and high fees.","Included as well, the agency said, were micronutrients for up to 20,000 children and water storage materials airlifted through Djibouti from UNICEF's supply center in Denmark. Also Friday, the U.N. High Commissioner for Refugees said that about 900 refugees from Yemen have arrived in the Horn of Africa. Many more are reportedly trying to make the trip but are hampered by fuel shortages and high fees by boat operators. ""UNHCR is extremely concerned about the dangers for anyone trying to flee across the Red Sea and Gulf of Aden, where there are no search and rescue operations,"" the agency said in a statement.",,,,,A,
75,row6823::6823,8,Another customer mentioned that the quality of the sandwiches has declined and expressed frustration over a poorly made sandwich.,"I called to express my frustration on a poorly made sandwich and they just hung up. Such a shame""}]} Overview:",,,,,B,
76,row14983::14983,0,Using vitamin C on the skin can have various effects.,"In some cases, sensitive skin can even get mild chemical burns and the skin can be prone to peeling in the first few days when you start using a strong vitamin C serum.  That's because vitamin C, also known as ascorbic acid, is key to the production of collagen, a protein that aids in the growth of cells and blood vessels and gives skin its firmness and strength [source: WebMD].",,,,,A,
77,row14710::14710,7,"Step 8: Let the ghee cool for about 20 minutes, then strain it through a very fine strainer or 2 layers of muslin cloth to remove any impurities.",Then strain it though a very fine strainer or 2 layers of muslin cloth.,,,,,B,
78,row5089::5089,0,"Fresco Cafe is a local business located at 3987 State St, Ste B in Santa Barbara, CA.","{'name': 'Fresco Cafe', 'address': '3987 State St, Ste B', 'city': 'Santa Barbara', 'state': 'CA', 'categories': 'American (Traditional), Bakeries, Restaurants, Italian, Breakfast & Brunch, Food', 'hours': {'Monday': '11:0-20:0', 'Tuesday': '11:0-20:0', 'Wednesday': '11:0-20:0', 'Thursday': '11:0-20:0', 'Friday': '11:0-20:0', 'Saturday': '11:0-20:0'}, 'attributes': {'BusinessParking': {'garage': False, 'street': False, 'validated': False, 'lot': True, 'valet': False}, 'RestaurantsReservations': False, 'OutdoorSeating': True, 'WiFi': 'no', 'RestaurantsTakeOut': True, 'RestaurantsGoodForGroups': True, 'Music': None, 'Ambience': {'divey': False, 'hipster': False, 'casual': True, 'touristy': False, 'trendy': False, 'intimate': False, 'romantic': False, 'classy': False, 'upscale': False}}, 'bus",,,,,A,
79,row5388::5388,5,"However, some customers have noted that the service can be slow, suggesting the addition of more bartenders to improve the overall experience.","\n\nI definitely prefer Test Pilot over this place, and they also had a very crowded weekend- but the service was still great. We tend to hop around to check out multiple bars to compare which ones we enjoyed the best. Probably a good idea to add more bartenders to improve the service as it seems that is what's missing in order to have a better experience at the Good Lion.""}]} Overview:",,,,,A,
80,row11015::11015,8,Tilt your head to one side to release the mineral oil and use warm water to flush out the oil and softened wax.,"To remove excess earwax, warm a small amount of mineral oil, and then lie down so that you can apply a few drops into the ear canal. The warmth of the oil will help soften the wax. Tilt your head to one side to release the mineral oil. You can then use warm water to flush out the oil and softened wax.",,,,,A,
81,row3137::3137,1,Santorum believes that the revised law limits the scope of religious freedom and does not address the issue of gay rights.,"""It doesn't really open the debate up on some of the more current issues,"" Santorum said -- a reference to gay rights issues. With the Supreme Court set to rule in June on whether same-sex marriage should be legalized nationwide, social conservatives like Santorum have asserted that Christian bakers, florists and wedding photographers shouldn't be forced to provide their services to same-sex weddings. The Indiana uproar drew nearly all of the GOP's 2016 contenders into the debate, with candidates like Jeb Bush, Marco Rubio and Ted Cruz rushing to Pence's defense. ""Tolerance is a two-way street,"" Santorum said.",,,,,B,
82,row11460::11460,3,"When you're ready, open your cd/dvd burner and you will see your tracks or folders ready to be written to the disc.","Tip! If you want to have a organized MP3 cd then you should create folders on your computer and copy the MP3 files into these folders before starting the burning process. 1 Insert a empty CD into the cd/dvd burner of your computer. 2 Go to the location on your computer where the songs or folders are.ow the files will be copied to your cd/dvd burner... 6 When you're ready copying your mp3 files, then go to your cd/dvd burner (DVD RW Drive (D:)) and open it. Now you will see your tracks or folders ready to be written to the disc.",,,,,A,
83,row14675::14675,8,5.,"Type a password if prompted, and click OK. Click the Select All button to select the entire worksheet you want to protect. Press Ctrl+Shift+F. On the Protection tab, uncheck the Locked box, and click OK. On the worksheet, select the cells you want to lock.Press Ctrl+Shift+F again.",,,,,D,
84,row11713::11713,13,7.,"As a result, it's usually a good idea to have a vinyl lined pool drained by professional. However, if you are confident that your pool can withstand the draining process, rent a sump pump and connect it to the sewer drainage pipe. Place the pump in the deepest part of the pool and turn it on.",,,,,D,
85,row9389::9389,1,"According to customer reviews, the restaurant serves delicious and flavorful Thai cuisine at affordable prices.","Delicious food for an amazing price!'}, {'review_stars': 5.0, 'review_date': '2021-07-09 03:09:18', 'review_text': ""I'm not sure what's up with the bad reviews here. Thai Kitchen easily has the most consistent Pad Thai I've ever ordered from any Thai Restaurant, and it tastes damn good; it's the largest portion of Pad Thai I've ever been served, yet also the cheapest Pad Thai I've ever been billed. While other places' Pad Thai often come delivered dry and bland, Thai Kitchen has always delivered moist and flavorful Pad Thai, which is a surprisingly hard feat I've found.\n\nAlso tried their Coconut Water and Thai Tea in the past. Those are good, but nothing special.",,,,,A,
86,row6472::6472,2,"With an overall rating of 3.5 stars out of 5, customers have praised the business for its convenient location, friendly owner, and delicious food options.","the owner is the best, she actually helped me to get stuff I needed on the same day from else where...Sadly, it is already closed...'}, {'review_stars': 4.0, 'review_date': '2017-12-02 08:26:38', 'review_text': ""Cantwell's is closing, all food probably gone.",,,,,B,
87,row1988::1988,3,"Alondra's mother, Susana Nuñez, is now seeking justice for her daughter.","We are taking action on the matter,"" Alondra's mother -- Susana Nuñez -- told Milenio Television. ""They stole my child.""  output:",,,,,A,
88,row1065::1065,1,"The airstrikes targeted Houthi militant positions in Sanaa, Lahj province, and destroyed three military compounds.","Sanaa, Yemen  (CNN)Saudi airstrikes over Yemen have resumed once again, two days after Saudi Arabia announced the end of its air campaign. The airstrikes Thursday targeted rebel Houthi militant positions in three parts of Sanaa, two Yemeni Defense Ministry officials said. The attacks lasted four hours. The strikes caused no casualties, but did destroy all three military compounds that were targeted, the officials said. They said Saudi airstrikes were also targeting Houthi positions in Lahj province. On Tuesday, Saudi Arabia announced the end of its Operation Decisive Storm, a nearly month-long air campaign against Houthi positions. The Saudi-led coalition said a new initiative was underway, Operation Renewal of Hope, focused on the political process.",,,,,A,
89,row5567::5567,1,"According to customer reviews, the restaurant offers authentic, unique, and delicious dishes that are not typically found in American-Chinese restaurants.","{'name': 'Lucky Dragon', 'address': '6831 Hollister Ave, Ste B', 'city': 'Goleta', 'state': 'CA', 'categories': 'Fast Food, Chinese, Restaurants, Szechuan', 'hours': {'Tuesday': '17:0-20:30', 'Wednesday': '17:0-20:30', 'Thursday': '17:0-20:30', 'Friday': '17:0-20:30', 'Saturday': '17:0-20:30', 'Sunday': '17:0-20:30'}, 'attributes': {'BusinessParking': {'garage': False, 'street': False, 'validated': False, 'lot': True, 'valet': False}, 'RestaurantsReservations': True, 'OutdoorSeating': False, 'WiFi': 'no', 'RestaurantsTakeOut': True, 'RestaurantsGoodForGroups': True, 'Music': None, 'Ambience': {'romantic': False, 'intimate': False, 'classy': False, 'hipster': False, 'divey': False, 'touristy': False, 'trendy': False, 'upscale': False, 'casual': True}}, 'business_stars': 3.5, 'review_info': ",,,,,C,
90,row5317::5317,9,"A third customer was impressed by their dining experience, mentioning the hand-squeezed lime margarita and the Chipotle Seafood Enchiladas with rice and beans.","I ordered the Chipotle Seafood Enchiladas with rice and beans... I intended on taking half home for lunch tomorrow, but that didn't happen.  It was absolutely delicious and I ate both enchiladas.  I also put a dent into the beans and rice, but man, I think next time, I'd just order the enchiladas and eat the extra sauce with the chips.  Their beans and rice are great but that enchilada sauce was out of this world.""}]} Overview:",,,,,B,
91,row5708::5708,8,"However, the empanadas did not meet everyone's expectations.","{'name': 'Buena Onda at Mosaic Locale', 'address': '1131 State St', 'city': 'Santa Barbara', 'state': 'CA', 'categories': 'Comfort Food, Bakeries, Food, Desserts, Restaurants, Empanadas, Argentine', 'hours': {'Monday': '11:0-20:0', 'Tuesday': '11:0-20:0', 'Wednesday': '11:0-20:0', 'Thursday': '11:0-20:0', 'Friday': '11:0-17:0', 'Saturday': '11:0-16:0', 'Sunday': '11:0-20:0'}, 'attributes': {'BusinessParking': {'garage': False, 'street': True, 'validated': False, 'lot': True, 'valet': False}, 'RestaurantsReservations': False, 'OutdoorSeating': True, 'WiFi': 'free', 'RestaurantsTakeOut': True, 'RestaurantsGoodForGroups': None, 'Music': None, 'Ambience': {'touristy': False, 'hipster': False, 'romantic': False, 'divey': False, 'intimate': False, 'trendy': False, 'upscale': False, 'classy': Fal",,,,,C,
92,row10643::10643,4,2.,"The strips should be about 3/4th of the length of the bottle (not all the way down). 2  Once again, make sure the scissor is sharp for a clean cut.If it’s not, heat it the same way as mentioned in step one. 3  Fold the strips like in the diagram and hold the position for a while.",,,,,D,
93,row2851::2851,7,"This is the first trial Morsy has faced since being removed from power, and he is also standing trial in three other cases, including charges of espionage and involvement in a 2011 jailbreak.","""Before the case reached the court, it was dominated by politics more than the law, and I said this in my argument at the court. But by reaching the court, the court examined the documents from the legal aspect and saw that they were innocent of accusations of murder and guilty of other charges. Consequently, we will appeal this sentence,"" he told CNN. Early in the trial, Morsy and his co-defendants were held in a metal cage in court. Later, that cage was enclosed in soundproof glass. This is the first trial Morsy was referred to after his removal from power. He is also standing trial in three other cases, including two on charges of espionage. The third trial involves a 2011 jailbreak. Morsy and 18 other members of the banned Muslim Brotherhood allegedly broke out of the  Wadi-Natroun pri",,,,,A,
94,row6331::6331,3,"The business operates from 8:30 am to 11:00 pm from Monday to Wednesday, 8:00 am to 2:00 pm on Thursday, and from 8:00 am to 11:00 pm on Friday and Saturday.","{'name': 'Hiwi Tropical Fusion', 'address': '6555 Pardall Rd', 'city': 'Goleta', 'state': 'CA', 'categories': 'Food, Hawaiian, Restaurants, Gluten-Free, Coffee & Tea, Breakfast & Brunch, American (New)', 'hours': {'Monday': '8:30-23:0', 'Tuesday': '8:30-23:0', 'Wednesday': '8:30-23:0', 'Thursday': '8:0-14:0', 'Friday': '8:0-23:0', 'Saturday': '8:0-23:0', 'Sunday': '10:0-22:0'}, 'attributes': {'BusinessParking': {'garage': False, 'street': True, 'validated': False, 'lot': False, 'valet': False}, 'RestaurantsReservations': False, 'OutdoorSeating': True, 'WiFi': 'free', 'RestaurantsTakeOut': True, 'RestaurantsGoodForGroups': True, 'Music': None, 'Ambience': {'touristy': False, 'hipster': False, 'romantic': False, 'divey': False, 'intimate': False, 'trendy': True, 'upscale': False, 'classy': F",,,,,A,
95,row8574::8574,2,"They offer street parking and provide a number of amenities including free Wi-Fi, outdoor seating, take-out, and are good for groups.","{'name': 'The Garden Market', 'address': '3811 Santa Claus Ln', 'city': 'Carpinteria', 'state': 'CA', 'categories': 'Delis, Restaurants, Grocery, American (New), Cafes, Coffee & Tea, Beer, Wine & Spirits, Food', 'hours': {'Monday': '8:0-16:0', 'Tuesday': '8:0-16:0', 'Wednesday': '8:0-16:0', 'Thursday': '8:0-16:0', 'Friday': '8:0-16:0', 'Saturday': '8:0-16:0', 'Sunday': '8:0-16:0'}, 'attributes': {'BusinessParking': {'garage': False, 'street': True, 'validated': False, 'lot': False, 'valet': False}, 'RestaurantsReservations': True, 'OutdoorSeating': True, 'WiFi': 'free', 'RestaurantsTakeOut': True, 'RestaurantsGoodForGroups': True, 'Music': None, 'Ambience': {'touristy': False, 'hipster': False, 'romantic': True, 'divey': False, 'intimate': False, 'trendy': False, 'upscale': False, 'classy'",,,,,A,
96,row3458::3458,4,"The Crown's final season covers events up until 2005, meaning Harry and Meghan's relationship will not be depicted.","Their most recent project, Heart of Invictus, follows competitors in the Invictus Games 2022 and their challenges during the Paralympic-style sporting event. However, the couple's ventures into the entertainment world have not been without controversy, as their Spotify partnership ended after just one series of Meghan's podcast Archetypes. The Crown's final season will cover events up until 2005, meaning Harry and Meghan's relationship, which began in 2016, will not be depicted.",,,,,A,
97,row11025::11025,4,3.,Communicable disease refers to diseases that can pass from one person to another. Non-communicable diseases occur in one person and cannot be passed on to another person.,,,,,D,
98,row13015::13015,2,Celexa may also be used to treat other mental conditions such as panic disorder and obsessive-compulsive disorder (OCD).,"Celexa may also be used to treat other mental conditions, such as panic disorder and obsessive-compulsive disorder (OCD). For women in menopause, it may also be used to treat hot flashes.",,,,,A,
99,row10978::10978,20,Choose whether you want to encrypt the entire drive or just the used space.,"Step 2: Select the drive that you want to encrypt, and click Turn on BitLocker. Step 3: Select how you want to unlock the drive, either by password or by smartcard.Step 4: Choose where you want to save the recovery key in case you forget your password.Step 5: Choose whether you want to encrypt the entire drive, or only the used space.This will determine how fast your drive works when encrypted. Once you click start encrypting, Windows will work on securing your drive. Once complete, only those with the password will be able to access the drive.tep 5: Choose whether you want to encrypt the entire drive, or only the used space. This will determine how fast your drive works when encrypted. Once you click start encrypting, Windows will work on securing your drive.",,,,,A,
100,row11015::11015,0,"Based on the given passages, here are some home remedies for ear wax removal:

1.","Place a few drops of olive oil on the ear before bedtime. Wait for a few minutes and let the excess oil drop out. Repeat this process in a span of a week sometimes less to help the ear wax go out. Once the ear wax goes out, take it out with the use of clean cotton.",,,,,B,
101,row11162::11162,4,3.,"Heat the tablespoon of oil in the skillet until it just begins to smoke. Add the pork sirloin roast and brown it on all sides. Place it in the baking dish. Roast the pork in the oven for approximately 50 to 70 minutes, turning the pork over in the pan after about 35 minutes of the cooking time has elapsed.Remove the roast from the oven when the instant-read meat thermometer registers between 145 and 150 degrees in the thickest portion of the meat.ips. 1  Alter the flavor of your pork sirloin roast by rubbing the meat with different herbs and spices before browning.",,,,,D,
102,row4820::4820,0,"Tyler's Donuts is a restaurant located at 1002 Casitas Pass Rd in Carpinteria, CA.","{'name': ""Tyler's Donuts"", 'address': '1002 Casitas Pass Rd', 'city': 'Carpinteria', 'state': 'CA', 'categories': 'Restaurants, Donuts, Food, Coffee & Tea', 'hours': {'Monday': '5:0-20:0', 'Tuesday': '5:0-20:0', 'Wednesday': '5:0-20:0', 'Thursday': '5:0-20:0', 'Friday': '5:0-20:0', 'Saturday': '5:0-20:0', 'Sunday': '5:0-20:0'}, 'attributes': {'BusinessParking': {'garage': False, 'street': False, 'validated': False, 'lot': True, 'valet': False}, 'RestaurantsReservations': None, 'OutdoorSeating': None, 'WiFi': 'free', 'RestaurantsTakeOut': True, 'RestaurantsGoodForGroups': None, 'Music': None, 'Ambience': None}, 'business_stars': 4.0, 'review_info': [{'review_stars': 1.0, 'review_date': '2021-10-27 03:09:32', 'review_text': ""Bad very bad servise the old lady to rude I left without  my  daily",,,,,A,
103,row7522::7522,3,Their hours of operation are Monday through Saturday from 7:00 am to 2:00 pm.,"{'name': 'Harbor Meat & Seafood', 'address': '215 Helena Ave', 'city': 'Santa Barbara', 'state': 'CA', 'categories': 'Seafood, Food, Specialty Food, Meat Shops, Restaurants, Seafood Markets', 'hours': {'Monday': '7:0-14:0', 'Tuesday': '7:0-14:0', 'Wednesday': '7:0-14:0', 'Thursday': '7:0-14:0', 'Friday': '7:0-14:0', 'Saturday': '7:0-14:0'}, 'attributes': {'BusinessParking': {'garage': False, 'street': True, 'validated': False, 'lot': False, 'valet': False}, 'RestaurantsReservations': False, 'OutdoorSeating': False, 'WiFi': None, 'RestaurantsTakeOut': False, 'RestaurantsGoodForGroups': False, 'Music': None, 'Ambience': None}, 'business_stars': 5.0, 'review_info': [{'review_stars': 5.0, 'review_date': '2020-10-01 20:40:13', 'review_text': 'The food here is amazing.  The people who work here ",,,,,A,
104,row803::803,2,Prosecutors allege that Moschetto sought to have the doctor attacked or killed due to a professional dispute.,"During the course of the undercover operation, however, Moschetto also sold the officers two semiautomatic assault weapons as well as ammunition, prosecutors said. Moschetto allegedly told officers during one buy that he needed dynamite to ""blow up a building."" He later said he no longer needed the dynamite because a friend was setting fire to the building instead. Kalamaras and Chmela are believed to have taken part in the arson, according to prosecutors. ""The fire damaged but did not destroy the office of another cardiologist whose relationship with Dr. Moschetto had soured due to a professional dispute,"" according to the statement from the district attorney's office.",,,,,B,
105,row14223::14223,3,"The tool allows backing up all user files in a single task, including documents, settings, and email messages (Passage 2).","The Windows XP backup tool allows backing up all user files in just one task. If you select the option of the My Documents backup, it will copy the entire contents of the Documents and Settings folder including MS Outlook/Outlook Express messages and settings as well as your profile settings.ips. 1  The farthest location Windows XP backup tool suggests is a network drive or an external drive.",,,,,A,
106,row4104::4104,0,"During the filming of a documentary on bison, a buffalo was struck by lightning in Colorado, leading to her death and the subsequent killing of her calf by local predators.","In the video a bison cow is struck by lightning when a highly needed thunderstorm rolls in across the front range. The bison's calf, left unprotected, is subsiquently killed by local predators. Interestingly the bison is not palatable to predators after the lightening strike. What happens with the bison cow?",,,,,B,
107,row10359::10359,2,"Place the chuck roast into the Dutch oven and brown all sides of the meat, about five minutes on each side.","Heat 2 tbsp. of olive oil in a large Dutch oven pot on the stove over medium-high heat. Place the chuck roast into the Dutch oven and brown all sides of the meat, about five minutes on each side. Lift up the chuck roast with a large fork and add the chopped onions to the bottom of the Dutch oven. Set the chuck roast on top.",,,,,A,
108,row14686::14686,6,"(Passage 3)

It is also recommended to use the National Strategies documents to help identify and address writing problems, as mentioned in Passage 2.",4. Integrate core academic area writing at home.  A quick link to National strategies documents aimed at helping teachers identify children's writing problems.,,,,,A,
109,row10896::10896,6,"Bake the cod at 400° for 8 to 10 minutes per inch of thickness or until the breadcrumbs are golden, the flesh turns opaque, and the fish flakes easily with a fork.",Bake the cod for 8 to 10 minutes per inch of thickness or until the flesh turns opaque and flakes easily with a fork. Step 4. Remove the cod from the oven and serve.,,,,,B,
110,row10643::10643,10,Press the bottle upside down on a flat surface to ensure an even edge.,Press the bottle upside down on a flat surface to ensure an even edge. 5. Weave the tip of a strip over the next one and under the next two.,,,,,A,
111,row170::170,0,Nearly 300 schoolgirls were kidnapped by a jihadist group in Nigeria last year.,"One year after it was perpetrated, the kidnapping of nearly 300 schoolgirls by a jihadist group in Nigeria remains a crime almost too horrifying to comprehend: Hundreds of teenaged girls, just finishing school, destined perhaps for significant achievement -- kidnapped, never to be seen again. ""This crime has rightly caused outrage both in Nigeria and across the world,"" the country's President-elect, Muhammadu Buhari, said Tuesday in marking the anniversary. ""Today is a time to reflect on the pain and suffering of the victims, their friends and families. Our thoughts and prayers, and that of the whole Nigerian nation, are with you today."" The girls were abducted on the night of April 14-15, 2014, in the town of Chibok, in northeastern Nigeria, about a two-hour drive from the border with Cam",,,,,A,
112,row1739::1739,2,"The defense showed photographs demonstrating the size difference between the brothers and highlighting Jahar's cooperation with paramedics after his capture, in contrast to Tamerlan's resistance.","""He was yelling, loud, like an 'rrrrrrrr' type of thing. It was like he was trying to get out of the seat belts that were holding him on"" the stretcher. Jahar, on the other hand, was cooperative after his capture hours later -- until a tourniquet was applied too tightly, said paramedic Laura Lee. He responded to questions, giving his date of birth and saying he was allergic to cats. And then he asked a question of his own:. ""Where is my brother?"" The defense showed a series of photographs that demonstrated how the brothers differed in size and age. The younger brother has been portrayed as someone who follows, rather than leads. One of Tamerlan's boxing coaches testified earlier that Jahar followed his brother around ""like a puppy."" The defense asserts that the Boston Marathon bombings nev",,,,,A,
113,row2656::2656,0,Sure!,"The crash wasn't visible from Earth because it occurred on the far side of Mercury. Messenger (an acronym for MErcury Surface, Space ENvironment, GEochemistry, and Ranging) was launched in 2004 and traveled more than 6½ years before it started circling Mercury on March 18, 2011. It was the first spacecraft to orbit the planet closest to the sun. It traveled about 5 billion miles -- a journey that included 15 trips around the sun.",,,,,D,
114,row13216::13216,0,"Based on the given passages, the Berlin Blockade happened because the Soviet Union cut off access from the Allied zones of occupation in West Germany to West Berlin, which was in the Russian zone (what became East Germany), and the Allies had to either surrender West Berlin or supply it by air.","It was a time when the American and British air forces supplied the city of West Berlin with everything it needed to survive -- everything from food to coal.It all had to be flown in.he reason it happened is that the Russians had cut off access from the Allied zones of occupation in West Germany to West Berlin, which was in the Russian zone (what became East Germany). So the Allies had to either surrender West Berlin or they had to supply it by air.",,,,,A,
115,row4980::4980,6,"The pancakes have a unique taste, akin to sourdough batter, and the coffee is described as a ""real cup of Joe"".","The pancakes were a bit different, they tasted as if they were made with a sourdough batter? I could be wrong but regardless the food was really good. 10/10 would recommend. Oh, the coffee is delicious, a real cup of Joe!'}, {'review_stars': 4.0, 'review_date': '2022-01-02 16:51:01', 'review_text': 'Nothing to write home about.",,,,,A,
116,row5708::5708,9,"Some customers found the empanadas over-baked, while others praised the quality of the ingredients used in making them.","The prosciutto was bite-sized so I didn't have to struggle with chewing. That being said, it seemed over-baked - instead of a nice golden color, the empanadas had splotches of dark brown. \n* Caprese: A lot of air in this empanada. Seems like the middle of the pastry didn't rise properly or maybe just not enough filling. For a caprese-inspired empanada, there wasn't much tomato in this one at all.""}, {'review_stars': 5.0, 'review_date': '2021-12-06 05:20:44', 'review_text': 'Delicious food at a fair price!",,,,,B,
117,row4063::4063,0,Attorney General John M.,"Formella, 27 AGs Demand Immigration Policy Fixes; Dems Call It Cynical Posturing CONCORD – Attorney General John M. Formella announced Tuesday that he is joining a coalition of 27 attorneys general in a legal filing demanding the federal government fix unlawful immigration policies and secure the border. “The government’s current border security posture has resulted in more than seven million inadmissible immigrants surging across the border. To date the U.S.",,,,,C,
118,row2146::2146,9,Another issue is the timing of Gray's injuries.,"If you have a more jaded view of law enforcement, you would say it's because they are well-trained, and consequently very skilled at testifying or explaining their use of force. Baltimore Police are suggesting Mr. Gray's injuries occurred after his arrest, while he was being transported back for processing, and that he may not have received proper medical attention. That's not a surprise. In fact, from a liability perspective, this is a good strategic move for the police. It will be harder to hold them liable if Gray's injuries happened after -- not before -- his arrest. Pre-arrest, Gray's ""seizure"" would be judged by a ""reasonableness"" standard, under the Fourth Amendment. However, courts have limited these ""seizures"" to the initial act of seizing the person. Any excessive force claims af",,,,,A,
119,row7722::7722,4,"Based on customer reviews, the patisserie is highly praised for its croissant egg breakfast sandwich and Galette Des Rois (King's Cake), a special dessert for Epiphany.","But I was really blown away this year by their Galette Des Rois (King's Cake) to celebrate Epiphany (January 6). \n\nI've had the traditional Mardi Gras style cake many times, either homemade or store bought. However, Renaud's has really WOWED me with the french style King's Cake!! It's everything I love about french pastries, buttery, light, delicious almond filling!",,,,,B,
120,row5444::5444,1,They offer tours such as wine tours and event planning services such as wedding planning and hotels & travel.,"{'name': ""Bill's Bus"", 'address': '6575 Seville St Isla Vista Ca', 'city': 'Isla Vista', 'state': 'CA', 'categories': 'Tours, Party Bus Rentals, Bus Tours, Wine Tours, Wedding Planning, Hotels & Travel, Event Planning & Services, Nightlife, Bars', 'hours': {'Thursday': '21:30-2:0', 'Friday': '21:30-2:0', 'Saturday': '21:30-2:0'}, 'attributes': {'BusinessParking': None, 'RestaurantsReservations': False, 'OutdoorSeating': False, 'WiFi': 'no', 'RestaurantsTakeOut': None, 'RestaurantsGoodForGroups': True, 'Music': None, 'Ambience': {'touristy': False, 'hipster': False, 'romantic': False, 'divey': False, 'intimate': False, 'trendy': False, 'upscale': False, 'classy': False, 'casual': False}}, 'business_stars': 3.5, 'review_info': [{'review_stars': 1.0, 'review_date': '2019-04-26 06:10:21', 'rev",,,,,A,
