label,drop_max,cd_early,cd_mid,cd_late,cd_noctx_mid,move_top,move_rand,move_len,move_lex,move_first
1,0.1566726020552018,8.24688873368167,9.823027192199689,8.41465182564192,9.35740221037468,7.581934452056885,1.4940769672393799,1.7371928691864014,3.2827515602111816,1.7371928691864014
1,0.7789249964014627,9.776732550051683,10.65323677011491,8.520267494085966,10.01771351095361,9.491390228271484,2.68560528755188,2.5410995483398438,2.68560528755188,2.5410995483398438
1,0.5743811556554176,8.534824323716148,10.58093057758053,8.909966313390683,10.218609838967778,10.313103675842285,1.9323244094848633,2.3367910385131836,1.9323244094848633,2.4873855113983154
1,0.5860049089522626,6.4785005183333055,8.18057933564872,6.593194363556253,7.5937811837157,11.264223098754883,2.209152936935425,2.6897428035736084,2.6897428035736084,1.6022037267684937
1,0.9829701953206677,6.846587114268166,8.56541667765543,7.295210003974127,7.895353144193342,12.288110733032227,2.120398759841919,2.120398759841919,2.120398759841919,1.3356587886810303
1,0.3528537466653354,8.133118583363487,10.063869183904565,8.435019432980567,9.86361510418989,7.339669704437256,2.5877487659454346,2.5877487659454346,1.9358612298965454,1.0800421237945557
1,0.7571556449277341,7.395730844122299,8.692071947974146,7.638153353617126,8.002971718636832,12.205670356750488,2.1283931732177734,3.0662155151367188,2.0572447776794434,3.0662155151367188
1,0.3657029581044742,8.132301368063581,9.661772085830709,7.545755585899258,9.46656498827314,7.554159641265869,1.7328678369522095,1.8539762496948242,1.8539762496948242,1.7328678369522095
1,0.5104197132200904,7.178305755799485,8.813744555958838,7.163415339132848,8.597692854829258,8.426277160644531,2.0893287658691406,2.0893287658691406,2.0893287658691406,2.0893287658691406
1,0.39348911669537295,8.112867859111546,9.925600894926395,7.0388765772432045,9.631755072469396,7.4805097579956055,2.9669814109802246,2.9669814109802246,2.186662435531616,2.186662435531616
1,0.30417309907878914,7.830579086710249,9.504333403024358,7.90558739394598,9.129604115755635,7.438838958740234,2.556896924972534,2.556896924972534,3.6212971210479736,3.6212971210479736
1,0.8315477389424086,7.818344016717315,9.188898896890368,6.881864906840452,8.862694105976527,11.621950149536133,2.299999237060547,1.8498237133026123,2.299999237060547,2.1973118782043457
1,0.44871306911424197,7.236515217952561,8.784532988227378,7.072428843372622,8.274713763614553,9.561436653137207,1.9821479320526123,3.0381808280944824,2.950951099395752,2.950951099395752
1,0.47410613063069545,6.116240933564872,8.02152034811665,6.816606610503214,7.347078896529454,10.415650367736816,2.1184096336364746,2.794454574584961,3.5910274982452393,2.1184096336364746
1,0.7012251292516612,7.43345590667083,8.732709553057235,7.476251884411608,8.061238783493502,8.811988830566406,2.0172390937805176,1.7716419696807861,1.7716419696807861,1.7716419696807861
1,1.1877581431437283,6.714412586276564,8.135553782131263,6.199453506866884,7.292868381326642,14.57446002960205,1.664424180984497,2.6306357383728027,2.076526641845703,2.076526641845703
1,0.2695635345486388,8.783416044007401,10.46486270204798,7.3563247662299425,10.218284169794567,3.335099697113037,5.893138408660889,2.682295799255371,2.682295799255371,5.893138408660889
1,0.913873150557812,7.403088493453468,8.943088073355884,7.092541291839346,8.189171763015743,10.1033296585083,2.405559778213501,2.462769031524658,2.1812937259674072,2.8565256595611572
1,0.5585930561491599,9.026656587622043,11.131952510914777,9.258125202086195,10.676817897957386,10.46965503692627,5.556405544281006,2.6497061252593994,5.556405544281006,5.556405544281006
1,0.47150776820792545,7.801224033824723,9.971213138068254,7.390038522158583,9.363997035632853,5.424550533294678,1.2854623794555664,2.4280762672424316,2.4280762672424316,2.4280762672424316
1,0.3603316558879975,7.80297277123711,9.673398777301458,7.501874164558167,9.052047741325712,4.388640403747559,2.0746679306030273,3.4626376628875732,3.4626376628875732,6.214511871337891
1,0.42190954379860174,9.4958287130877,10.744895132310791,8.572245173666127,10.185673209680134,7.0504326820373535,2.497166395187378,3.5863730907440186,8.679895401000977,8.679895401000977
1,0.33065417510368794,8.470522553159984,9.74126323061939,7.882544006144471,9.793880895421054,5.66669225692749,2.3717005252838135,3.6364586353302,4.497925758361816,4.497925758361816
1,0.19557028747356753,7.054089344560277,8.685979878990901,6.932694702157291,8.269318922969243,5.892460823059082,3.2821412086486816,3.2821412086486816,3.2821412086486816,3.2821412086486816
1,0.3212803959910816,7.3465711424314515,8.443181489118272,7.437243278879959,8.231564450131573,8.733882904052734,2.2320542335510254,2.444518566131592,1.8329089879989624,2.444518566131592
1,0.5383878569392767,7.30399696883006,9.112748852137509,7.437746019203364,8.832207584863479,7.363471508026123,2.001278877258301,2.001278877258301,2.001278877258301,2.001278877258301
1,0.4369605759232928,7.431374689095466,8.877583905883922,6.9739405790784,8.601981774164003,6.711801052093506,1.4526885747909546,3.366097927093506,3.366097927093506,3.366097927093506
1,0.5108402127610041,8.198957508453306,9.505643302565211,7.460614608859493,9.261485886241791,7.690853595733643,2.376671552658081,2.096256971359253,2.376671552658081,1.6207892894744873
1,0.5264410613314021,8.59271011493025,9.367681381772051,7.883999718079619,8.611484316764368,8.53038215637207,6.335929870605469,3.081529140472412,7.905149936676025,3.081529140472412
1,0.5549971393554569,8.320470614964734,10.094871844903889,7.85285868602239,10.010548021710443,8.629430770874023,2.648719310760498,2.997612953186035,2.997612953186035,3.4616591930389404
1,0.5234969560476355,6.750835861668972,8.501408253026792,6.4050130418904025,8.09017351357986,8.736352920532227,1.4178745746612549,1.7408668994903564,1.7408668994903564,1.6687748432159424
1,0.7918973798192814,7.644890407216164,9.025745456660806,7.177919863955779,8.436836074036481,9.396174430847168,1.6694715023040771,2.111840009689331,2.182511568069458,2.111840009689331
1,0.6264969399650162,9.360656530364386,9.75283254283877,8.009728051460526,9.512264685419144,7.340945243835449,6.030921459197998,5.152694225311279,6.030921459197998,5.152694225311279
1,0.2871694872050876,8.80206231575929,10.281606335654674,8.022959023787479,10.018057830017892,8.92431926727295,2.522705554962158,2.4182021617889404,3.6338746547698975,3.6338746547698975
1,0.4167167284827747,7.647212230317589,9.107928564874232,7.251509756426751,8.695206579479567,6.741339206695557,2.1213533878326416,2.144575595855713,2.144575595855713,1.8608205318450928
1,0.5180088352689363,9.451027674100644,10.924736228455327,9.399797964130062,10.55041611219654,5.0800886154174805,2.7654201984405518,2.2869296073913574,7.86541748046875,7.86541748046875
1,0.33270932734870534,8.684204563460458,10.296879665734696,8.313584373525932,10.050009197285284,7.347658634185791,4.86927604675293,4.563665866851807,4.86927604675293,3.6386759281158447
1,0.16879663435906167,7.927892807187431,9.990177016331717,7.900008284501316,9.492355951882859,1.7561485767364502,2.488433599472046,2.488433599472046,3.424757480621338,5.109687328338623
1,0.6156142235030482,9.979191735201386,10.95297346083674,8.396937505875435,10.452213107222347,11.38671588897705,3.3255324363708496,5.655661106109619,5.655661106109619,3.072788715362549
1,0.21013576071748372,9.263785898412834,10.771109619264424,7.755797086743979,9.543752231141154,5.146749019622803,2.8366858959198,7.647011756896973,7.647011756896973,7.647011756896973
1,0.5731234429167716,8.837432699035206,10.80422974709577,8.74560168571521,10.465906704301144,8.73585319519043,4.260601043701172,4.260601043701172,4.311972618103027,6.747631072998047
1,0.6990730948468717,7.903810139364601,9.557222824825848,7.467483409030999,9.0950677550645,9.320378303527832,1.6637251377105713,1.6637251377105713,1.4688656330108643,1.6637251377105713
1,0.217209070878838,7.258861662707511,8.789814729396218,7.07743451243656,8.655856773729727,7.888209342956543,2.036616086959839,1.692110300064087,1.692110300064087,2.0080745220184326
1,0.18546498038053733,9.228737942019155,10.865419872505727,8.737472502337287,10.290075896369155,5.8361711502075195,2.3465850353240967,2.5669333934783936,2.3465850353240967,2.3465850353240967
1,0.15526704187750057,8.253785084219487,9.537316623277105,8.379883357004017,9.475075336657019,7.4686994552612305,1.9971973896026611,3.150930643081665,1.8900623321533203,3.150930643081665
1,0.6499958890043283,7.719106076616418,9.870908038464759,7.592025832015497,8.848346997013454,11.384150505065918,5.288199424743652,4.789437294006348,5.288199424743652,4.279899597167969
1,0.30183780702162655,9.99780842765673,10.446905451387563,8.131958010157483,10.919665230764851,6.866026878356934,4.295250415802002,3.783867120742798,4.295250415802002,4.295250415802002
1,0.9336596974606503,7.932406084616263,9.49277689438267,7.610184833704222,8.845965115494197,11.263677597045898,3.7127461433410645,3.7127461433410645,3.7127461433410645,3.7127461433410645
1,0.27209555883591596,10.114233448635487,10.961044677773378,8.91384058229774,10.625695121094365,4.500107765197754,4.379129886627197,4.0355048179626465,4.379129886627197,5.63654088973999
1,0.2576683964224262,8.129922796974865,9.945955606568006,8.245446810351298,10.038967809058231,6.110600471496582,5.888928413391113,5.888928413391113,5.888928413391113,5.888928413391113
1,0.30493264666685316,8.862566341472867,9.599456692080418,7.999025933266598,9.842532903930621,5.4210100173950195,5.105130195617676,2.3975987434387207,6.51261043548584,5.105130195617676
1,0.3701978613939722,9.48813388983412,10.40823326234335,9.027735042350013,10.028621267828878,7.57325553894043,6.095909118652344,6.095909118652344,6.095909118652344,3.6028003692626953
1,0.3438210126254985,10.698062762897697,11.544721336022908,8.867682307875485,11.36012657862045,6.14782190322876,4.106847763061523,4.106847763061523,4.894136905670166,7.929441928863525
1,1.0816704021248866,7.021708077596155,8.848466747337298,7.218419760820642,8.23643809631492,11.94205379486084,1.963041067123413,1.963041067123413,1.492497205734253,1.3573871850967407
1,0.25566637495988725,8.717999858434784,10.748983365274485,8.333556370074174,10.136547160673368,7.089152812957764,2.378859043121338,2.994438409805298,2.8089332580566406,2.8089332580566406
1,1.023864566290368,8.949378100089902,10.775168981792872,8.901052107333355,10.031248001586851,14.211173057556152,1.800478458404541,7.192858695983887,7.192858695983887,7.192858695983887
1,0.09216060631328542,9.092393151893619,11.146316219197866,8.973488589308387,10.73075780321987,2.9597740173339844,3.4335122108459473,4.936227321624756,4.936227321624756,4.936227321624756
1,0.4363040685232238,8.350046770382969,9.88713515869971,8.208255004159703,9.618007862976052,6.480935573577881,2.0147716999053955,3.971860408782959,3.971860408782959,3.971860408782959
1,0.39255345952190207,7.384753327311926,9.449181955554543,7.611904003057486,9.286082517567364,6.216174125671387,1.431073784828186,1.3930937051773071,1.5618857145309448,1.3930937051773071
1,0.5080296238970445,7.427739770101171,9.314844244847551,7.014186831536832,8.666528716354184,9.086864471435547,2.165614366531372,2.1567909717559814,3.231971025466919,3.231971025466919
1,0.567158460754838,9.482042140143548,11.032666603710934,8.63432706088145,9.857964767903654,6.664885520935059,3.9911298751831055,4.907272815704346,7.349457263946533,7.349457263946533
1,0.6646201674250056,7.574870558578832,9.099941412317161,8.24112084700174,8.329404729328745,10.519880294799805,4.469422340393066,2.635108470916748,2.635108470916748,2.739769458770752
1,0.8714505098688915,6.632895073637559,8.117125536838358,6.934123211588363,7.664841920341378,11.242715835571289,2.568228006362915,1.9514700174331665,2.568228006362915,1.9514700174331665
1,0.4033635837227337,7.753829629177917,9.658059606172737,7.521081044728292,9.542088578077095,6.437474250793457,1.7030754089355469,1.7030754089355469,1.7030754089355469,1.7030754089355469
1,0.5646210169025907,7.070342926162984,8.12403493520417,6.607779062322457,7.749809702279214,10.074056625366211,1.8712794780731201,3.1450700759887695,3.1450700759887695,2.0890772342681885
1,0.7013298307374589,8.525161933998023,9.474522957519296,7.93751458513619,9.107232956690623,9.979957580566406,1.9053618907928467,1.946804404258728,1.946804404258728,1.9053618907928467
1,0.28003586773116834,7.99283445559105,9.562113633220507,7.554790099898514,9.433853031777891,7.661505222320557,1.2228116989135742,2.4764564037323,2.4764564037323,1.2228116989135742
1,0.9279606969338784,7.4956455597324645,8.700419270306792,7.021922066916708,7.9945833044154915,12.068410873413086,1.7867332696914673,2.2104029655456543,2.2104029655456543,1.7867332696914673
1,0.7747028381239374,7.3249089066054704,9.088939606612824,7.419471629708556,8.515503869794149,11.567472457885742,1.867967963218689,1.8092247247695923,1.8092247247695923,1.692151665687561
1,0.4154907313885192,8.560334271123297,10.183751387593635,8.138879526432412,9.93961695370981,8.361851692199707,2.1043078899383545,3.4361166954040527,3.4361166954040527,1.9000804424285889
1,0.5678013489800161,9.21598764785785,9.81056338403283,8.76032169831,9.061126867771485,6.307187557220459,5.285280704498291,5.734335422515869,6.711106300354004,5.734335422515869
1,0.35707212324494414,7.701068917065881,9.752638516426336,7.572398109046914,9.570097766063016,6.976137638092041,1.3890752792358398,2.2244458198547363,2.2244458198547363,1.3890752792358398
1,0.3729036891353189,8.40945464883658,9.848709668369926,7.941646324232743,9.212749454092197,9.048800468444824,2.8388760089874268,10.963573455810547,10.963573455810547,10.963573455810547
1,0.6225702479672951,7.9197457815464585,9.419469897754993,8.104051089267097,9.029461099515089,10.56200885772705,3.161572217941284,3.161572217941284,3.161572217941284,2.311159610748291
1,0.29797759789260453,8.249366213167217,9.472338841317413,7.45940686146899,8.949424413328316,8.362760543823242,2.9348597526550293,2.9348597526550293,2.3373749256134033,1.654441475868225
1,0.5922837250991142,8.101457122444842,9.541522616886573,7.415199786990325,9.051319118351419,11.056296348571777,2.1924972534179688,2.047126054763794,2.1924972534179688,2.1924972534179688
1,0.6326194070637575,9.177543678264572,10.39595244981472,8.568215723379087,10.12772358250688,8.765201568603516,1.693942666053772,1.7314865589141846,1.693942666053772,1.7314865589141846
1,0.5329917364466565,7.823279874917391,9.272729909785632,7.1244787840582555,8.569891095012462,6.968926906585693,1.0087919235229492,3.76080322265625,3.76080322265625,2.347809314727783
1,0.31295547398685586,7.874279619660138,9.563813366208903,7.822963150910073,9.386180605427953,7.32183313369751,2.081510066986084,1.8748559951782227,1.8748559951782227,1.157117247581482
1,0.39933385631051066,7.809176397299728,9.825876902591377,7.867877786907655,9.31543102385442,7.582128047943115,2.5405499935150146,1.8132266998291016,2.5405499935150146,2.5405499935150146
1,0.553946651250883,8.227442044704087,10.274114287821705,7.653090000988684,10.096060532763032,8.657186508178711,1.6835315227508545,1.6835315227508545,1.2498162984848022,1.3091152906417847
1,0.9172050105866439,8.647751960594343,10.499913562234475,8.1137061531766,9.846570662561795,9.293538093566895,3.2344424724578857,3.2344424724578857,3.2344424724578857,0.9661244750022888
1,0.4358345844150972,5.977136859994163,8.436021040402714,6.668000408643573,7.951894393326352,10.146232604980469,4.577012062072754,4.577012062072754,4.577012062072754,2.249976634979248
1,0.3191501681831764,6.745449351046973,8.457384911258597,7.314768275679751,7.81418484007912,4.590244770050049,2.0116419792175293,2.7592709064483643,2.7592709064483643,7.975106239318848
1,0.9009516687284486,8.14595235235562,9.200643232948035,7.205197917535073,8.379788292255112,12.204659461975098,1.2122503519058228,1.9066417217254639,1.9066417217254639,1.2122503519058228
1,0.5858928789262018,6.492742745582113,8.270443301061173,7.030940218469863,7.526576674313582,10.225847244262695,2.797064781188965,2.797064781188965,2.797064781188965,1.926574945449829
1,0.40161729236394694,7.208669067968706,8.901884937364676,6.900376376409208,8.56470515102834,7.782224655151367,2.4242970943450928,1.516770601272583,2.4242970943450928,1.516770601272583
1,0.23124105362404337,8.099066179203149,10.080369167787683,8.386491982740491,9.73112429760854,4.7616753578186035,2.6410040855407715,2.6410040855407715,2.7361669540405273,5.600575923919678
1,0.6364773292457002,8.902129667881951,9.803291555873288,8.225418340257079,9.129907540071027,9.34655475616455,3.1682586669921875,2.5772669315338135,3.1682586669921875,1.4481627941131592
1,0.42842743132762334,7.96074880526655,9.881126510977365,7.71606328711387,9.494025665681063,6.577493190765381,1.686641812324524,3.218578338623047,2.0616865158081055,1.9135098457336426
1,0.6042147037818084,9.442765514247645,9.673802629594222,7.965335555714554,9.164587200802154,5.287538051605225,5.902395725250244,5.902395725250244,5.053451061248779,5.902395725250244
1,0.5679077682312903,9.047729026712075,9.78604543792476,8.360461082937293,9.719789973975812,8.290303230285645,4.262929439544678,4.906135559082031,4.262929439544678,4.906135559082031
1,0.3128827010486999,8.777092113199767,10.690422103743247,8.362550304042283,10.524008148571337,6.748981952667236,1.9713107347488403,1.9713107347488403,1.9713107347488403,1.4510139226913452
1,0.5284812956323549,7.76931131236237,8.852736298605468,8.052991805192125,8.393815572777074,9.777582168579102,2.722658157348633,2.722658157348633,1.7027645111083984,2.722658157348633
1,0.32132928637147884,7.302907355491994,9.143747343319824,7.338698865742864,8.612602507604647,6.2218017578125,2.3398818969726562,2.3398818969726562,3.0751700401306152,2.3398818969726562
1,0.3363767486348172,6.169385919764035,7.82682225780119,6.429299966667266,7.475428060058046,5.035949230194092,1.998408555984497,1.7787411212921143,2.496995449066162,7.220278739929199
1,1.1534063082271369,5.7754808640885065,8.210786829052878,6.142182740051818,7.768432543536694,9.528738975524902,1.6776350736618042,4.585626602172852,4.585626602172852,1.794573426246643
1,0.8874996452028159,7.1353017152031715,8.662511495578885,6.871982538191282,8.13914206287353,10.238142013549805,1.342037320137024,2.8638672828674316,1.929621696472168,1.929621696472168
1,0.37508349909507266,9.402755274014513,11.521962331181097,9.531795297713646,10.487508548712093,4.674583911895752,3.3121352195739746,2.712451219558716,8.060897827148438,8.060897827148438
1,0.6048330603139062,7.835758319001589,9.434800384971359,7.35275719121751,9.081533028270657,6.97625732421875,1.0560767650604248,4.182144641876221,4.182144641876221,1.364946722984314
0,0.4978431329611521,8.027129299671113,8.98044816850042,8.11078056564561,8.488739599721956,9.902752876281738,2.3480048179626465,2.362902879714966,2.3480048179626465,2.362902879714966
0,0.7277116048599396,7.637372129707711,8.83819845766489,7.7484370742051745,8.245967979118527,10.38966178894043,2.04487943649292,4.876702308654785,4.876702308654785,4.876702308654785
0,0.5874455738705114,8.167271599120749,9.390672617222382,7.5561858691972335,9.137163390671864,6.25037956237793,1.7569248676300049,2.1931660175323486,2.1931660175323486,2.1931660175323486
0,0.4540880966590794,9.759879668804011,11.713756256603094,8.901576307677445,11.224631984505178,9.154488563537598,3.0653951168060303,3.0653951168060303,7.367359161376953,7.367359161376953
0,0.410471498929753,7.725133029222635,9.199513875299518,7.310464891455386,8.59808219533495,4.956146717071533,6.518650054931641,2.1506776809692383,2.498420000076294,6.518650054931641
0,0.37183658791816926,8.95566565316395,10.899925740047738,8.597289908930557,10.351282867592177,5.6179070472717285,5.834578990936279,5.834578990936279,5.834578990936279,5.834578990936279
0,0.6838048361044639,7.508477888367727,8.107730228160055,7.04218885840043,7.663855679007688,11.734593391418457,1.8243262767791748,1.93279230594635,1.8334137201309204,1.8334137201309204
0,0.9644765782972273,7.560743782979723,8.829054278578603,7.09232277327167,7.718483622565829,12.273477554321289,3.512709140777588,2.062166213989258,3.512709140777588,1.937633752822876
0,1.3950077407468295,9.481338302979701,10.528045229963336,9.385893874732114,9.727151319283786,13.556469917297363,4.991024971008301,4.991024971008301,5.685329437255859,2.7932300567626953
0,0.5775036143898388,8.253573937102797,10.513269781233628,8.851660129898326,9.91995816803425,9.136934280395508,4.003073215484619,4.003073215484619,6.132271766662598,6.132271766662598
0,0.3711426699650712,9.353551269201942,10.189726341561494,8.841196261385269,8.994710354234236,4.656022071838379,7.750962734222412,5.987105369567871,6.471405982971191,7.750962734222412
0,0.8361525957593153,7.902850623873587,9.444022765660836,7.69091030691421,8.992225080542745,9.73696517944336,1.5784493684768677,1.774406909942627,1.7498489618301392,1.5784493684768677
0,1.07542105877219,7.761332999544683,9.256918996985226,7.718971096389483,8.019844690851421,14.873565673828125,1.655315637588501,2.293200969696045,3.3959999084472656,2.201148271560669
0,0.8661179859716925,7.545785950329486,9.76117069333256,8.06349351658919,8.952157767507776,13.122136116027832,2.1888556480407715,3.496941566467285,4.243396759033203,4.243396759033203
0,0.6882421644931431,9.532545012187844,10.945465346776459,8.62595370821606,10.142594698150177,11.066205024719238,3.22281813621521,6.93121862411499,6.93121862411499,3.369845151901245
0,0.35602504421484615,8.88114891797709,10.944551509218599,9.915874564526863,10.504965202728593,6.747564792633057,2.404542922973633,2.404542922973633,6.560263156890869,6.560263156890869
0,0.659893311043561,8.925855825610011,10.218093784985838,8.671644529287967,9.95344757721623,9.852836608886719,4.552504062652588,4.645124912261963,4.552504062652588,2.7976603507995605
0,0.3468414479144128,8.337550233995573,9.726614025455573,8.231671177538134,9.212333025144558,8.638192176818848,3.4194469451904297,4.1374125480651855,4.1374125480651855,4.1374125480651855
0,0.6528233532009108,8.5959888533695,9.681399109184644,8.334469549268524,8.762603553297927,11.259654998779297,3.1194586753845215,3.1194586753845215,3.1194586753845215,2.367513656616211
0,0.40845765399586287,11.645127011661122,11.156201397497846,9.028853807332302,11.351203242283562,6.8425469398498535,4.405209064483643,4.405209064483643,6.462883472442627,6.462883472442627
0,0.5591493289371917,7.791880888349206,9.458601053291062,7.903740344591541,9.091753445422702,9.621225357055664,1.3539397716522217,1.842047095298767,1.3539397716522217,1.842047095298767
0,0.8001115145192998,9.022080778044849,10.578759990297442,8.606085451605423,9.371957556989432,10.034093856811523,3.535496473312378,3.0625498294830322,6.527042865753174,6.527042865753174
0,0.6348096417743091,9.043658078047706,10.989526080617615,8.672866119563837,10.134923737440296,11.72570514678955,2.4917759895324707,4.1912055015563965,2.4917759895324707,3.151402473449707
0,0.3231099027012982,8.399757689129213,10.100182956448169,9.031068860539397,9.559161956088387,6.564934253692627,1.9689053297042847,3.8170008659362793,3.8170008659362793,3.8170008659362793
0,0.7037020671279515,7.89822224577606,10.038303890119415,8.306316353834355,9.446877976210782,7.1012701988220215,2.0851573944091797,2.178225040435791,2.178225040435791,7.9690961837768555
0,0.37996012645977534,9.414684601642016,10.408532370155202,8.456631941895253,9.47251793020664,6.449351787567139,5.390933036804199,3.796546220779419,5.390933036804199,3.0114829540252686
0,0.737723799657415,7.697178905545952,9.445755419512732,7.772865341094885,8.572936531128951,10.712397575378418,3.5071663856506348,3.5071663856506348,3.5071663856506348,2.5843772888183594
0,0.6548795122005686,8.643498180615877,10.525206831177034,7.6484765996753845,9.111688949559667,8.734514236450195,8.523740768432617,6.452298641204834,6.452298641204834,8.523740768432617
0,0.4609354143718762,9.860025889334379,11.123798604900491,9.521043250432134,9.587533628138464,8.918527603149414,6.350237846374512,11.02877140045166,11.02877140045166,11.02877140045166
0,0.40858271163679605,9.735812641341873,11.431980458899643,8.57086298744503,10.315834098491617,5.999119758605957,4.879313945770264,4.879313945770264,5.151939392089844,3.6015408039093018
0,0.6458412202961887,8.253966381945885,10.801740834534364,8.508069210299336,10.027936164449132,8.218228340148926,2.604257583618164,2.604257583618164,6.868591785430908,6.868591785430908
0,0.37046620935575614,8.686183845881022,9.647239338133929,7.221215465718937,9.27281068052933,7.542159557342529,2.3566854000091553,2.3566854000091553,2.325345993041992,2.3566854000091553
0,0.37627670271756825,8.822369990951705,10.339337374912807,8.442850017471208,10.350549878678905,7.176588535308838,5.77077579498291,3.322556257247925,5.77077579498291,5.77077579498291
0,0.40535526663332094,7.8317225969383255,9.596008207581589,7.799855466399645,8.787017282265987,3.9214916229248047,4.552893161773682,4.552893161773682,4.552893161773682,10.513032913208008
0,1.1660480386353689,8.272380702560852,9.549981306347302,7.472530208811454,8.370001412442972,11.842811584472656,3.3264617919921875,3.3264617919921875,1.8583834171295166,1.0717464685440063
0,0.45509414842245816,7.239457588208172,9.33433073500137,7.587529054098413,8.645744503134443,9.952888488769531,2.0254359245300293,1.9550886154174805,2.0948472023010254,2.0254359245300293
0,0.9667787707510855,10.151206261805727,10.581634388695571,8.526140344446013,10.655151520776133,10.682884216308594,4.364193916320801,4.364193916320801,6.1315202713012695,4.622949123382568
0,0.5403367046140091,8.828016502323036,9.735327571806284,7.767395325844597,9.340913003306296,6.420245170593262,2.9557700157165527,8.219868659973145,8.219868659973145,8.219868659973145
0,0.5461407425412026,9.444138396338712,11.264532677249958,8.705540024482676,9.950401038495924,8.606210708618164,4.66018009185791,9.241268157958984,9.241268157958984,9.241268157958984
0,0.6003092244604152,8.044732610547351,10.024355346729736,8.33030181579502,9.473452358528588,6.853344917297363,4.863226890563965,3.060823678970337,5.545304775238037,4.863226890563965
0,0.6659851850867229,6.447904668572904,8.133738845170681,6.659121645791129,7.498518044737023,9.193936347961426,2.797935962677002,2.797935962677002,4.407447814941406,2.797935962677002
0,0.32496090225619156,7.753086512544372,9.770692977024087,7.533841855527603,9.05628431010691,8.886725425720215,4.639585018157959,4.639585018157959,4.639585018157959,4.406254768371582
0,0.38841543819391516,8.077759295083442,10.683879078234124,9.3949844016208,10.62241717646779,7.753386497497559,5.372838497161865,4.992175102233887,5.372838497161865,5.372838497161865
0,0.31660876218477196,7.346739707488701,9.357954748425191,7.792074486143245,9.027119327821241,7.492539405822754,3.6670303344726562,3.6670303344726562,4.439567565917969,1.8535481691360474
0,0.6490209788113134,8.436975087874526,10.902407004817986,9.08919832407511,10.758863200066372,6.784266471862793,3.9291133880615234,4.621049404144287,2.990204095840454,4.621049404144287
0,0.5246972780671859,10.042172807117366,10.075035890806733,8.105912787968915,10.002763376870455,11.603475570678711,3.1765308380126953,4.135379791259766,4.135379791259766,3.753106117248535
0,0.6466455219239773,9.533429286136775,11.341644565573086,8.783061529265629,11.10732123356271,5.901305198669434,7.965916156768799,4.099341869354248,7.965916156768799,7.965916156768799
0,0.5022979459167719,8.779276297524063,9.878405160457609,8.552227708484365,9.380903349548884,9.771745681762695,4.5059099197387695,4.5059099197387695,7.165895938873291,7.165895938873291
0,0.45911096541275304,7.856272536503038,9.28434438116781,7.467419122571538,8.938814921745143,7.719749450683594,1.8638160228729248,2.3582327365875244,1.8638160228729248,1.4035148620605469
0,0.8976915302568865,6.169572696571281,8.370621645242302,6.445774274348665,7.8837271309775865,9.793168067932129,2.4003353118896484,2.4003353118896484,1.820967197418213,2.4003353118896484
0,0.5656063711116336,9.609162424130396,11.072495740670643,7.633325719782597,10.306510337280676,6.858494281768799,3.8876473903656006,7.547447681427002,7.547447681427002,7.547447681427002
0,0.7748683134785763,8.987673467911419,10.34362514260666,9.055007506110108,9.910672365851424,10.243037223815918,2.4312193393707275,4.938253402709961,4.938253402709961,4.938253402709961
0,0.19450820960231385,10.361086972460816,11.458152577765448,8.983815485483326,10.743417045577202,5.08406400680542,2.9792439937591553,2.9792439937591553,5.417154312133789,3.5325093269348145
0,0.28222151902395337,8.747467421133827,10.424281055310516,8.717639518481572,9.917684977481866,3.4820716381073,2.0019760131835938,6.6424102783203125,6.6424102783203125,6.6424102783203125
0,0.2827252422191426,8.50920788571058,10.274091548248013,9.120472055417636,10.091307247733019,8.534895896911621,4.186617374420166,5.984076023101807,5.984076023101807,3.5166289806365967
0,0.5847220196160682,9.612990045287743,11.474426570785472,9.895919572110188,10.646280702734469,7.091697692871094,2.9760453701019287,6.1052398681640625,6.1052398681640625,6.1052398681640625
0,0.5547448193363602,8.05665618260857,9.639097540104721,8.430965380817256,9.173930342167168,5.98335075378418,2.042726993560791,3.368495225906372,5.882693290710449,8.82658863067627
0,0.5048846094798682,9.133888532275348,11.253573705345017,8.847222656505162,11.128899268474676,9.660200119018555,3.792038679122925,3.792038679122925,4.3526387214660645,4.3526387214660645
0,0.21989328735946628,8.480080960860255,9.53725959192067,8.15838646541543,9.48250984870055,9.833559036254883,3.250762939453125,4.918854713439941,4.918854713439941,2.72430157661438
0,1.0598815849898362,10.723242570024231,11.301151125511959,8.963658448540608,9.944627179283632,10.664873123168945,5.203456401824951,5.203456401824951,5.249919891357422,5.203456401824951
0,0.756005050383639,6.943745540271793,8.96659239951552,7.200931948526911,8.345182034740189,10.085280418395996,1.713484287261963,2.308225154876709,2.308225154876709,1.6861259937286377
0,0.5360997204458395,9.684086135862422,10.606041522527448,7.744002818009494,10.067354368116394,5.46290922164917,6.019630432128906,5.313600063323975,5.313600063323975,6.019630432128906
0,0.5681783067836016,9.102252698144547,10.180962209974325,9.293512966023984,10.117508792405376,9.896869659423828,2.9019768238067627,3.9436652660369873,6.759641170501709,6.759641170501709
0,0.4793665276141064,8.976836117930642,11.019648376166428,8.782522339398039,10.396977009756359,10.04963207244873,1.5087556838989258,4.7208251953125,5.432370185852051,4.7208251953125
0,0.3698569668312359,7.798472565591034,9.378061809237023,7.227895580810953,9.053386948480783,5.846654891967773,1.7775663137435913,2.277641534805298,2.277641534805298,1.7775663137435913
0,0.6972038627398833,9.982324385674353,10.281027116154936,8.771445520597746,10.417180779067301,10.66130542755127,4.868574142456055,4.868574142456055,4.868574142456055,5.369813919067383
0,0.7603695278373168,8.22387495283327,9.361944307270264,8.450962623217718,9.152482048416987,10.077688217163086,11.073729515075684,4.25977087020874,11.073729515075684,11.073729515075684
0,1.2215290998949786,8.331351287142642,9.820967535709123,8.411329617408388,8.861565149516853,13.810650825500488,3.374014377593994,3.374014377593994,3.374014377593994,3.374014377593994
0,0.940999560980199,7.743609368865152,9.026891187091609,7.607210650601703,8.554782465066914,11.36798095703125,1.8905479907989502,2.342960834503174,2.342960834503174,1.879725456237793
0,0.037737905503054,8.184668534978353,9.383405075715208,7.467589278962803,9.26982861808745,4.672135353088379,3.2865471839904785,3.6177947521209717,3.6177947521209717,3.6177947521209717
0,0.6966930287769939,9.140017942589237,10.873290976124512,8.503737628537033,10.11499106881406,9.623543739318848,3.3436601161956787,8.109015464782715,8.109015464782715,8.109015464782715
0,0.5130627971898588,7.920237700307752,10.705619120916582,9.309386083973482,9.72685838722247,7.516646385192871,3.195615768432617,6.751440525054932,6.751440525054932,3.5770585536956787
0,0.7507113581973308,9.394239420611443,10.259879715925726,8.147180369835862,9.831737140393782,10.339404106140137,4.77805757522583,4.77805757522583,4.79939079284668,3.867002487182617
0,0.8190062153536362,7.423794426330977,9.066552670637435,7.286223926655971,8.250363825831286,11.399823188781738,3.3958404064178467,3.3958404064178467,3.3958404064178467,3.638054609298706
0,0.9180917043083832,7.364233569935779,9.28602214951721,7.524555401688424,8.318380383568558,13.56036376953125,3.9852218627929688,3.9852218627929688,2.4167561531066895,3.9852218627929688
0,0.49149401178241475,8.135189226361371,9.726669245191614,8.272804220390322,9.303841862544072,5.032492160797119,5.280848979949951,5.280848979949951,5.280848979949951,4.290261268615723
0,0.3068355366347055,7.682017947662725,8.941960446913457,6.976134839395879,8.737392512050974,7.5274658203125,1.9068561792373657,2.2590999603271484,2.2590999603271484,2.9486382007598877
0,0.24287629033156918,8.432662477669037,9.456373605812562,8.023875110417501,8.903265982914094,3.526108503341675,3.9117684364318848,2.3013052940368652,5.055124759674072,3.9025750160217285
0,0.6832559224049173,10.384385940716514,11.133639807303343,8.489101982693924,11.122655779251097,8.758381843566895,2.2523081302642822,2.2523081302642822,3.4145731925964355,2.2523081302642822
0,0.5815555261365262,7.8826959523455615,9.578845097582887,7.811259639113132,9.037252795381503,4.868231773376465,8.78272819519043,8.78272819519043,1.5519993305206299,8.78272819519043
0,0.6894538887970286,9.926244712223383,11.344783991063451,10.09911816765591,10.446846815621361,7.708481788635254,3.521562337875366,3.521562337875366,9.22962760925293,9.22962760925293
0,0.37602025468396066,7.54831296385762,9.228643180588888,7.939401850430073,8.965099837725038,11.349607467651367,6.684714317321777,4.773735523223877,6.684714317321777,6.684714317321777
0,0.798011286696447,8.165650649063496,9.897403356203199,8.176812694418292,9.48732200047811,9.212804794311523,2.3300106525421143,3.0763869285583496,2.859103202819824,3.139720916748047
0,0.6589252561930944,7.334018336540331,8.665250063882956,6.912254948088304,8.009856407490188,10.72929859161377,3.616520404815674,3.616520404815674,3.4373199939727783,2.361088275909424
0,0.3422572483902636,9.0666037056981,9.826201742285116,7.7711337410993195,9.610084303739065,5.0057373046875,2.9637551307678223,2.9637551307678223,7.103151798248291,7.103151798248291
0,0.7570883083737499,7.715523769567245,9.966715907919653,8.427182103690141,8.887946748706254,7.763618469238281,6.936312675476074,5.505697727203369,6.936312675476074,5.381772994995117
0,0.6801890986852405,10.503457714178484,10.329183986249737,8.948233913978504,10.120153337550637,7.755452632904053,2.144054889678955,3.6511595249176025,6.456225872039795,6.456225872039795
0,1.0658843122406296,8.43176715363033,10.180132455839074,8.122964494509961,9.171429733769068,8.151727676391602,6.235113620758057,10.862512588500977,10.862512588500977,10.862512588500977
0,1.0549650862253024,7.677502107652393,9.708794391914905,7.595593695693222,9.018274233435273,11.154436111450195,3.507213830947876,4.371745586395264,3.507213830947876,4.123178482055664
0,0.4337716915262198,9.067987115370304,10.642968352922457,8.50151005060131,10.292987600318362,8.69224739074707,2.836217164993286,4.13651704788208,3.697228193283081,3.697228193283081
0,0.5693272209787341,6.820047188200517,8.978396644173003,7.158533277584065,8.185183557682466,10.093009948730469,2.383087158203125,3.075368881225586,2.4042370319366455,3.075368881225586
0,0.38169924463030414,8.558175469305638,9.841994430879081,8.732599614695953,9.801770838210448,7.0412917137146,1.9263839721679688,2.1922013759613037,4.218157768249512,2.1922013759613037
0,0.2240252123158352,8.462413981244929,9.988303521534467,7.954867158554285,9.529089886805112,3.728050708770752,4.670841217041016,4.670841217041016,4.112639427185059,4.670841217041016
0,0.696532709580922,8.933813897313614,10.643144638808366,8.585155914426103,9.855374326142863,8.496989250183105,5.507498741149902,5.507498741149902,6.6076979637146,5.507498741149902
0,0.33969451793909056,8.226143243921817,10.29120993274877,8.24065892390637,10.044450151420484,7.364010334014893,2.3015708923339844,2.338526964187622,2.338526964187622,1.9537559747695923
0,0.47518563411848963,9.515151730328354,9.449424188119663,8.351283292416836,8.82969682602374,10.273724555969238,6.430226802825928,7.098791599273682,3.7681171894073486,7.098791599273682
0,0.43030751542702556,9.857633620801005,10.362105098116794,8.017865975394619,10.227452393547457,6.2596211433410645,3.5668561458587646,5.139805793762207,5.139805793762207,3.0764992237091064
0,0.4525779263859471,9.312681858503398,11.656208310521516,9.02916088452182,10.922113760773216,6.3205413818359375,5.8252458572387695,5.8252458572387695,6.1439409255981445,5.8252458572387695
0,0.3567827294297922,8.097951062172026,10.212960169275613,9.305288911834353,10.020571943301508,6.797415256500244,3.3011817932128906,2.6263644695281982,5.964441776275635,5.964441776275635
0,0.5725620277465499,9.682415718138786,10.153781022913527,8.448303008660414,9.908697765888622,8.210891723632812,4.244701385498047,3.181570291519165,4.244701385498047,4.244701385498047
